ohlc_id,sku_id,location_id,plant_id,period_date,period_type,week_label,stock_open,stock_high,stock_low,stock_close,unrestricted_stock,quality_stock,block_stock,in_transit_stock,units_produced,units_consumed,stockout_flag,unit_type
1,15,1,1,2025-12-29,WEEK,w01,16485.0,27065.0,0.0,0.0,,,,,10580.0,4457.0,1,RC
2,15,1,1,2026-01-05,WEEK,w02,16485.0,16485.0,0.0,0.0,,,,,0.0,4571.0,1,RC
3,15,1,1,2026-01-12,WEEK,w03,16485.0,16485.0,0.0,0.0,,,,,0.0,4431.0,1,RC
4,15,1,1,2026-01-19,WEEK,w04,16485.0,29364.0,0.0,0.0,,,,,12879.0,4688.0,1,RC
5,15,1,1,2026-01-26,WEEK,w05,16485.0,16485.0,0.0,0.0,,,,,0.0,5229.0,1,RC
6,15,1,1,2026-02-02,WEEK,w06,16485.0,16485.0,4555.0,4555.0,,,,,0.0,4971.0,0,RC
7,15,1,1,2026-02-09,WEEK,w07,16485.0,31296.0,8157.0,8157.0,,,,,14811.0,5205.0,0,RC
8,15,1,1,2026-02-16,WEEK,w08,16485.0,16485.0,12504.0,12504.0,,,,,0.0,4976.0,0,RC
9,15,1,1,2026-02-23,WEEK,w09,16485.0,16485.0,10546.0,10546.0,11222.0,1375.0,140.0,5263.0,0.0,5939.0,0,RC
10,15,1,1,2026-03-02,WEEK,w10,24530.0,38676.0,18591.0,18591.0,,,,,14146.0,6101.0,0,RC
11,15,1,1,2026-03-09,WEEK,w11,32575.0,32575.0,26449.0,26449.0,,,,,0.0,6126.0,0,RC
12,15,1,1,2026-03-16,WEEK,w12,26449.0,26449.0,20478.0,20478.0,,,,,0.0,5971.0,0,RC
13,15,1,1,2026-03-23,WEEK,w13,20478.0,42012.0,20478.0,35572.0,,,,,21534.0,6440.0,0,RC
14,15,1,1,2026-03-30,WEEK,w14,35572.0,35572.0,29484.0,29484.0,,,,,0.0,6088.0,0,RC
15,15,1,1,2026-04-06,WEEK,w15,29484.0,29484.0,23597.0,23597.0,,,,,0.0,5887.0,0,RC
16,15,1,1,2026-04-13,WEEK,w16,23597.0,38382.0,23597.0,32480.0,,,,,14785.0,5902.0,0,RC
17,15,1,1,2026-04-20,WEEK,w17,32480.0,32480.0,27056.0,27056.0,,,,,0.0,5424.0,0,RC
18,15,1,1,2026-04-27,WEEK,w18,27056.0,27056.0,21371.0,21371.0,,,,,0.0,5685.0,0,RC
19,15,1,1,2026-05-04,WEEK,w19,21371.0,35469.0,21371.0,30343.0,,,,,14098.0,5126.0,0,RC
20,15,1,1,2026-05-11,WEEK,w20,30343.0,30343.0,25201.0,25201.0,,,,,0.0,5142.0,0,RC
21,15,1,1,2026-05-18,WEEK,w21,25201.0,25201.0,20355.0,20355.0,,,,,0.0,4846.0,0,RC
22,15,1,1,2026-05-25,WEEK,w22,20355.0,32368.0,20355.0,28006.0,,,,,12013.0,4362.0,0,RC
23,15,1,1,2026-06-01,WEEK,w23,28006.0,28006.0,23726.0,23726.0,,,,,0.0,4280.0,0,RC
24,15,1,1,2026-06-08,WEEK,w24,23726.0,23726.0,19615.0,19615.0,,,,,0.0,4111.0,0,RC
25,15,1,1,2026-06-15,WEEK,w25,19615.0,30282.0,19615.0,26152.0,,,,,10667.0,4130.0,0,RC
26,15,1,1,2026-06-22,WEEK,w26,26152.0,26152.0,22078.0,22078.0,,,,,0.0,4074.0,0,RC
27,15,1,1,2026-06-29,WEEK,w27,22078.0,22078.0,17905.0,17905.0,,,,,0.0,4173.0,0,RC
28,15,1,1,2026-07-06,WEEK,w28,17905.0,27434.0,17905.0,23361.0,,,,,9529.0,4073.0,0,RC
29,15,1,1,2026-07-13,WEEK,w29,23361.0,23361.0,19197.0,19197.0,,,,,0.0,4164.0,0,RC
30,15,1,1,2026-07-20,WEEK,w30,19197.0,19197.0,14883.0,14883.0,,,,,0.0,4314.0,0,RC
31,15,1,1,2026-07-27,WEEK,w31,14883.0,28467.0,14883.0,24344.0,,,,,13584.0,4123.0,0,RC
32,15,1,1,2026-08-03,WEEK,w32,24344.0,24344.0,19928.0,19928.0,,,,,0.0,4416.0,0,RC
33,15,1,1,2026-08-10,WEEK,w33,19928.0,19928.0,15435.0,15435.0,,,,,0.0,4493.0,0,RC
34,15,1,1,2026-08-17,WEEK,w34,15435.0,31034.0,15435.0,26465.0,,,,,15599.0,4569.0,0,RC
35,15,1,1,2026-08-24,WEEK,w35,26465.0,26465.0,21831.0,21831.0,,,,,0.0,4634.0,0,RC
36,15,1,1,2026-08-31,WEEK,w36,21831.0,21831.0,17087.0,17087.0,,,,,0.0,4744.0,0,RC
37,15,1,1,2026-09-07,WEEK,w37,17087.0,29496.0,17087.0,24788.0,,,,,12409.0,4708.0,0,RC
38,15,1,1,2026-09-14,WEEK,w38,24788.0,24788.0,19987.0,19987.0,,,,,0.0,4801.0,0,RC
39,15,1,1,2026-09-21,WEEK,w39,19987.0,19987.0,15032.0,15032.0,,,,,0.0,4955.0,0,RC
40,15,1,1,2026-09-28,WEEK,w40,15032.0,30696.0,15032.0,25517.0,,,,,15664.0,5179.0,0,RC
41,15,1,1,2026-10-05,WEEK,w41,25517.0,25517.0,20424.0,20424.0,,,,,0.0,5093.0,0,RC
42,15,1,1,2026-10-12,WEEK,w42,20424.0,20424.0,14960.0,14960.0,,,,,0.0,5464.0,0,RC
43,15,1,1,2026-10-19,WEEK,w43,14960.0,32570.0,14960.0,26831.0,,,,,17610.0,5739.0,0,RC
44,15,1,1,2026-10-26,WEEK,w44,26831.0,26831.0,21059.0,21059.0,,,,,0.0,5772.0,0,RC
45,15,1,1,2026-11-02,WEEK,w45,21059.0,21059.0,15161.0,15161.0,,,,,0.0,5898.0,0,RC
46,15,1,1,2026-11-09,WEEK,w46,15161.0,35003.0,15161.0,29232.0,,,,,19842.0,5771.0,0,RC
47,15,1,1,2026-11-16,WEEK,w47,29232.0,29232.0,22999.0,22999.0,,,,,0.0,6233.0,0,RC
48,15,1,1,2026-11-23,WEEK,w48,22999.0,22999.0,16740.0,16740.0,,,,,0.0,6259.0,0,RC
49,15,1,1,2026-11-30,WEEK,w49,16740.0,29653.0,16740.0,25195.0,,,,,12913.0,4458.0,0,RC
50,15,1,1,2026-12-07,WEEK,w50,25195.0,25195.0,20744.0,20744.0,,,,,0.0,4451.0,0,RC
51,15,1,1,2026-12-14,WEEK,w51,20744.0,20744.0,15993.0,15993.0,,,,,0.0,4751.0,0,RC
52,15,1,1,2026-12-21,WEEK,w52,15993.0,28245.0,15993.0,23583.0,,,,,12252.0,4662.0,0,RC
53,13,1,1,2025-12-29,WEEK,w01,14969.0,14969.0,0.0,0.0,,,,,0.0,4106.0,1,RC
54,13,1,1,2026-01-05,WEEK,w02,14969.0,14969.0,0.0,0.0,,,,,0.0,4034.0,1,RC
55,13,1,1,2026-01-12,WEEK,w03,14969.0,25789.0,0.0,0.0,,,,,10820.0,4245.0,1,RC
56,13,1,1,2026-01-19,WEEK,w04,14969.0,14969.0,0.0,0.0,,,,,0.0,4021.0,1,RC
57,13,1,1,2026-01-26,WEEK,w05,14969.0,14969.0,617.0,617.0,,,,,0.0,4485.0,0,RC
58,13,1,1,2026-02-02,WEEK,w06,14969.0,27253.0,3823.0,3823.0,,,,,12284.0,4644.0,0,RC
59,13,1,1,2026-02-09,WEEK,w07,14969.0,14969.0,7556.0,7556.0,,,,,0.0,4633.0,0,RC
60,13,1,1,2026-02-16,WEEK,w08,14969.0,14969.0,11451.0,11451.0,,,,,0.0,4397.0,0,RC
61,13,1,1,2026-02-23,WEEK,w09,14969.0,32255.0,14969.0,27006.0,10407.0,703.0,328.0,4562.0,17286.0,5249.0,0,RC
62,13,1,1,2026-03-02,WEEK,w10,9657.0,21694.0,9657.0,21694.0,,,,,0.0,5312.0,0,RC
63,13,1,1,2026-03-09,WEEK,w11,4345.0,4345.0,0.0,0.0,,,,,0.0,5323.0,1,RC
64,13,1,1,2026-03-16,WEEK,w12,0.0,19017.0,0.0,13644.0,,,,,19017.0,5373.0,0,RC
65,13,1,1,2026-03-23,WEEK,w13,13644.0,13644.0,8295.0,8295.0,,,,,0.0,5349.0,0,RC
66,13,1,1,2026-03-30,WEEK,w14,8295.0,8295.0,2868.0,2868.0,,,,,0.0,5427.0,0,RC
67,13,1,1,2026-04-06,WEEK,w15,2868.0,20836.0,2868.0,15508.0,,,,,17968.0,5328.0,0,RC
68,13,1,1,2026-04-13,WEEK,w16,15508.0,15508.0,10409.0,10409.0,,,,,0.0,5099.0,0,RC
69,13,1,1,2026-04-20,WEEK,w17,10409.0,10409.0,5399.0,5399.0,,,,,0.0,5010.0,0,RC
70,13,1,1,2026-04-27,WEEK,w18,5399.0,19191.0,5399.0,14166.0,,,,,13792.0,5025.0,0,RC
71,13,1,1,2026-05-04,WEEK,w19,14166.0,14166.0,9580.0,9580.0,,,,,0.0,4586.0,0,RC
72,13,1,1,2026-05-11,WEEK,w20,9580.0,9580.0,5030.0,5030.0,,,,,0.0,4550.0,0,RC
73,13,1,1,2026-05-18,WEEK,w21,5030.0,18963.0,5030.0,14784.0,,,,,13933.0,4179.0,0,RC
74,13,1,1,2026-05-25,WEEK,w22,14784.0,14784.0,10685.0,10685.0,,,,,0.0,4099.0,0,RC
75,13,1,1,2026-06-01,WEEK,w23,10685.0,10685.0,6741.0,6741.0,,,,,0.0,3944.0,0,RC
76,13,1,1,2026-06-08,WEEK,w24,6741.0,17690.0,6741.0,13738.0,,,,,10949.0,3952.0,0,RC
77,13,1,1,2026-06-15,WEEK,w25,13738.0,13738.0,10175.0,10175.0,,,,,0.0,3563.0,0,RC
78,13,1,1,2026-06-22,WEEK,w26,10175.0,10175.0,6616.0,6616.0,,,,,0.0,3559.0,0,RC
79,13,1,1,2026-06-29,WEEK,w27,6616.0,17306.0,6616.0,13680.0,,,,,10690.0,3626.0,0,RC
80,13,1,1,2026-07-06,WEEK,w28,13680.0,13680.0,10060.0,10060.0,,,,,0.0,3620.0,0,RC
81,13,1,1,2026-07-13,WEEK,w29,10060.0,10060.0,6364.0,6364.0,,,,,0.0,3696.0,0,RC
82,13,1,1,2026-07-20,WEEK,w30,6364.0,15966.0,6364.0,12071.0,,,,,9602.0,3895.0,0,RC
83,13,1,1,2026-07-27,WEEK,w31,12071.0,12071.0,8334.0,8334.0,,,,,0.0,3737.0,0,RC
84,13,1,1,2026-08-03,WEEK,w32,8334.0,8334.0,4591.0,4591.0,,,,,0.0,3743.0,0,RC
85,13,1,1,2026-08-10,WEEK,w33,4591.0,16312.0,4591.0,12336.0,,,,,11721.0,3976.0,0,RC
86,13,1,1,2026-08-17,WEEK,w34,12336.0,12336.0,8334.0,8334.0,,,,,0.0,4002.0,0,RC
87,13,1,1,2026-08-24,WEEK,w35,8334.0,8334.0,4143.0,4143.0,,,,,0.0,4191.0,0,RC
88,13,1,1,2026-08-31,WEEK,w36,4143.0,14489.0,4143.0,10532.0,,,,,10346.0,3957.0,0,RC
89,13,1,1,2026-09-07,WEEK,w37,10532.0,10532.0,6231.0,6231.0,,,,,0.0,4301.0,0,RC
90,13,1,1,2026-09-14,WEEK,w38,6231.0,6231.0,1968.0,1968.0,,,,,0.0,4263.0,0,RC
91,13,1,1,2026-09-21,WEEK,w39,1968.0,14135.0,1968.0,9783.0,,,,,12167.0,4352.0,0,RC
92,13,1,1,2026-09-28,WEEK,w40,9783.0,9783.0,5126.0,5126.0,,,,,0.0,4657.0,0,RC
93,13,1,1,2026-10-05,WEEK,w41,5126.0,5126.0,547.0,547.0,,,,,0.0,4579.0,0,RC
94,13,1,1,2026-10-12,WEEK,w42,547.0,16638.0,547.0,11787.0,,,,,16091.0,4851.0,0,RC
95,13,1,1,2026-10-19,WEEK,w43,11787.0,11787.0,6902.0,6902.0,,,,,0.0,4885.0,0,RC
96,13,1,1,2026-10-26,WEEK,w44,6902.0,6902.0,1961.0,1961.0,,,,,0.0,4941.0,0,RC
97,13,1,1,2026-11-02,WEEK,w45,1961.0,15335.0,1961.0,9919.0,,,,,13374.0,5416.0,0,RC
98,13,1,1,2026-11-09,WEEK,w46,9919.0,9919.0,4793.0,4793.0,,,,,0.0,5126.0,0,RC
99,13,1,1,2026-11-16,WEEK,w47,4793.0,4793.0,0.0,0.0,,,,,0.0,5483.0,1,RC
100,13,1,1,2026-11-23,WEEK,w48,0.0,13203.0,0.0,7463.0,,,,,13203.0,5740.0,0,RC
101,13,1,1,2026-11-30,WEEK,w49,7463.0,7463.0,3343.0,3343.0,,,,,0.0,4120.0,0,RC
102,13,1,1,2026-12-07,WEEK,w50,3343.0,3343.0,0.0,0.0,,,,,0.0,4243.0,1,RC
103,13,1,1,2026-12-14,WEEK,w51,0.0,9770.0,0.0,5817.0,,,,,9770.0,3953.0,0,RC
104,13,1,1,2026-12-21,WEEK,w52,5817.0,5817.0,1744.0,1744.0,,,,,0.0,4073.0,0,RC
105,19,2,2,2025-12-29,WEEK,w01,10125.0,10125.0,0.0,0.0,,,,,0.0,2981.0,1,RC
106,19,2,2,2026-01-05,WEEK,w02,10125.0,10125.0,0.0,0.0,,,,,0.0,2833.0,1,RC
107,19,2,2,2026-01-12,WEEK,w03,10125.0,19531.0,0.0,0.0,,,,,9406.0,2937.0,1,RC
108,19,2,2,2026-01-19,WEEK,w04,10125.0,10125.0,0.0,0.0,,,,,0.0,2894.0,1,RC
109,19,2,2,2026-01-26,WEEK,w05,10125.0,10125.0,0.0,0.0,,,,,0.0,3287.0,1,RC
110,19,2,2,2026-02-02,WEEK,w06,10125.0,20273.0,2644.0,2644.0,,,,,10148.0,3117.0,0,RC
111,19,2,2,2026-02-09,WEEK,w07,10125.0,10125.0,4949.0,4949.0,,,,,0.0,3235.0,0,RC
112,19,2,2,2026-02-16,WEEK,w08,10125.0,10125.0,7551.0,7551.0,,,,,0.0,3217.0,0,RC
113,19,2,2,2026-02-23,WEEK,w09,10125.0,20134.0,10125.0,16568.0,7478.0,846.0,29.0,2647.0,10009.0,3566.0,0,RC
114,19,2,2,2026-03-02,WEEK,w10,6465.0,12908.0,6465.0,12908.0,,,,,0.0,3660.0,0,RC
115,19,2,2,2026-03-09,WEEK,w11,2805.0,2805.0,0.0,0.0,,,,,0.0,3816.0,1,RC
116,19,2,2,2026-03-16,WEEK,w12,0.0,9123.0,0.0,5133.0,,,,,9123.0,3990.0,0,RC
117,19,2,2,2026-03-23,WEEK,w13,5133.0,5133.0,1276.0,1276.0,,,,,0.0,3857.0,0,RC
118,19,2,2,2026-03-30,WEEK,w14,1276.0,1276.0,0.0,0.0,,,,,0.0,3814.0,1,RC
119,19,2,2,2026-04-06,WEEK,w15,0.0,12467.0,0.0,8729.0,,,,,12467.0,3738.0,0,RC
120,19,2,2,2026-04-13,WEEK,w16,8729.0,8729.0,5042.0,5042.0,,,,,0.0,3687.0,0,RC
121,19,2,2,2026-04-20,WEEK,w17,5042.0,5042.0,1646.0,1646.0,,,,,0.0,3396.0,0,RC
122,19,2,2,2026-04-27,WEEK,w18,1646.0,9698.0,1646.0,6109.0,,,,,8052.0,3589.0,0,RC
123,19,2,2,2026-05-04,WEEK,w19,6109.0,6109.0,2831.0,2831.0,,,,,0.0,3278.0,0,RC
124,19,2,2,2026-05-11,WEEK,w20,2831.0,2831.0,0.0,0.0,,,,,0.0,3156.0,1,RC
125,19,2,2,2026-05-18,WEEK,w21,0.0,9575.0,0.0,6638.0,,,,,9575.0,2937.0,0,RC
126,19,2,2,2026-05-25,WEEK,w22,6638.0,6638.0,3884.0,3884.0,,,,,0.0,2754.0,0,RC
127,19,2,2,2026-06-01,WEEK,w23,3884.0,3884.0,1126.0,1126.0,,,,,0.0,2758.0,0,RC
128,19,2,2,2026-06-08,WEEK,w24,1126.0,10469.0,1126.0,7822.0,,,,,9343.0,2647.0,0,RC
129,19,2,2,2026-06-15,WEEK,w25,7822.0,7822.0,5142.0,5142.0,,,,,0.0,2680.0,0,RC
130,19,2,2,2026-06-22,WEEK,w26,5142.0,5142.0,2633.0,2633.0,,,,,0.0,2509.0,0,RC
131,19,2,2,2026-06-29,WEEK,w27,2633.0,10007.0,2633.0,7422.0,,,,,7374.0,2585.0,0,RC
132,19,2,2,2026-07-06,WEEK,w28,7422.0,7422.0,4846.0,4846.0,,,,,0.0,2576.0,0,RC
133,19,2,2,2026-07-13,WEEK,w29,4846.0,4846.0,2281.0,2281.0,,,,,0.0,2565.0,0,RC
134,19,2,2,2026-07-20,WEEK,w30,2281.0,9170.0,2281.0,6582.0,,,,,6889.0,2588.0,0,RC
135,19,2,2,2026-07-27,WEEK,w31,6582.0,6582.0,3904.0,3904.0,,,,,0.0,2678.0,0,RC
136,19,2,2,2026-08-03,WEEK,w32,3904.0,3904.0,1209.0,1209.0,,,,,0.0,2695.0,0,RC
137,19,2,2,2026-08-10,WEEK,w33,1209.0,9876.0,1209.0,7142.0,,,,,8667.0,2734.0,0,RC
138,19,2,2,2026-08-17,WEEK,w34,7142.0,7142.0,4293.0,4293.0,,,,,0.0,2849.0,0,RC
139,19,2,2,2026-08-24,WEEK,w35,4293.0,4293.0,1371.0,1371.0,,,,,0.0,2922.0,0,RC
140,19,2,2,2026-08-31,WEEK,w36,1371.0,10885.0,1371.0,8099.0,,,,,9514.0,2786.0,0,RC
141,19,2,2,2026-09-07,WEEK,w37,8099.0,8099.0,5063.0,5063.0,,,,,0.0,3036.0,0,RC
142,19,2,2,2026-09-14,WEEK,w38,5063.0,5063.0,1815.0,1815.0,,,,,0.0,3248.0,0,RC
143,19,2,2,2026-09-21,WEEK,w39,1815.0,11244.0,1815.0,8049.0,,,,,9429.0,3195.0,0,RC
144,19,2,2,2026-09-28,WEEK,w40,8049.0,8049.0,4814.0,4814.0,,,,,0.0,3235.0,0,RC
145,19,2,2,2026-10-05,WEEK,w41,4814.0,4814.0,1529.0,1529.0,,,,,0.0,3285.0,0,RC
146,19,2,2,2026-10-12,WEEK,w42,1529.0,13371.0,1529.0,9874.0,,,,,11842.0,3497.0,0,RC
147,19,2,2,2026-10-19,WEEK,w43,9874.0,9874.0,6318.0,6318.0,,,,,0.0,3556.0,0,RC
148,19,2,2,2026-10-26,WEEK,w44,6318.0,6318.0,2774.0,2774.0,,,,,0.0,3544.0,0,RC
149,19,2,2,2026-11-02,WEEK,w45,2774.0,11542.0,2774.0,7689.0,,,,,8768.0,3853.0,0,RC
150,19,2,2,2026-11-09,WEEK,w46,7689.0,7689.0,4032.0,4032.0,,,,,0.0,3657.0,0,RC
151,19,2,2,2026-11-16,WEEK,w47,4032.0,4032.0,352.0,352.0,,,,,0.0,3680.0,0,RC
152,19,2,2,2026-11-23,WEEK,w48,352.0,11728.0,352.0,7728.0,,,,,11376.0,4000.0,0,RC
153,19,2,2,2026-11-30,WEEK,w49,7728.0,7728.0,4757.0,4757.0,,,,,0.0,2971.0,0,RC
154,19,2,2,2026-12-07,WEEK,w50,4757.0,4757.0,1945.0,1945.0,,,,,0.0,2812.0,0,RC
155,19,2,2,2026-12-14,WEEK,w51,1945.0,11115.0,1945.0,8269.0,,,,,9170.0,2846.0,0,RC
156,19,2,2,2026-12-21,WEEK,w52,8269.0,8269.0,5481.0,5481.0,,,,,0.0,2788.0,0,RC
157,8,1,1,2025-12-29,WEEK,w01,16403.0,16403.0,0.0,0.0,,,,,0.0,4332.0,1,RC
158,8,1,1,2026-01-05,WEEK,w02,16403.0,30307.0,0.0,0.0,,,,,13904.0,4109.0,1,RC
159,8,1,1,2026-01-12,WEEK,w03,16403.0,16403.0,0.0,0.0,,,,,0.0,4104.0,1,RC
160,8,1,1,2026-01-19,WEEK,w04,16403.0,16403.0,235.0,235.0,,,,,0.0,4042.0,0,RC
161,8,1,1,2026-01-26,WEEK,w05,16403.0,29917.0,1440.0,1440.0,,,,,13514.0,4676.0,0,RC
162,8,1,1,2026-02-02,WEEK,w06,16403.0,16403.0,5433.0,5433.0,,,,,0.0,4571.0,0,RC
163,8,1,1,2026-02-09,WEEK,w07,16403.0,16403.0,8795.0,8795.0,,,,,0.0,4755.0,0,RC
164,8,1,1,2026-02-16,WEEK,w08,16403.0,30486.0,12715.0,12715.0,,,,,14083.0,4610.0,0,RC
165,8,1,1,2026-02-23,WEEK,w09,16403.0,16403.0,10956.0,10956.0,11094.0,905.0,192.0,5309.0,0.0,5447.0,0,RC
166,8,1,1,2026-03-02,WEEK,w10,11080.0,11080.0,5633.0,5633.0,,,,,0.0,5323.0,0,RC
167,8,1,1,2026-03-09,WEEK,w11,5757.0,18899.0,5757.0,13278.0,,,,,13142.0,5621.0,0,RC
168,8,1,1,2026-03-16,WEEK,w12,13278.0,13278.0,7483.0,7483.0,,,,,0.0,5795.0,0,RC
169,8,1,1,2026-03-23,WEEK,w13,7483.0,7483.0,1690.0,1690.0,,,,,0.0,5793.0,0,RC
170,8,1,1,2026-03-30,WEEK,w14,1690.0,19197.0,1690.0,13586.0,,,,,17507.0,5611.0,0,RC
171,8,1,1,2026-04-06,WEEK,w15,13586.0,13586.0,8012.0,8012.0,,,,,0.0,5574.0,0,RC
172,8,1,1,2026-04-13,WEEK,w16,8012.0,8012.0,2709.0,2709.0,,,,,0.0,5303.0,0,RC
173,8,1,1,2026-04-20,WEEK,w17,2709.0,15073.0,2709.0,10182.0,,,,,12364.0,4891.0,0,RC
174,8,1,1,2026-04-27,WEEK,w18,10182.0,10182.0,5330.0,5330.0,,,,,0.0,4852.0,0,RC
175,8,1,1,2026-05-04,WEEK,w19,5330.0,5330.0,337.0,337.0,,,,,0.0,4993.0,0,RC
176,8,1,1,2026-05-11,WEEK,w20,337.0,15543.0,337.0,10880.0,,,,,15206.0,4663.0,0,RC
177,8,1,1,2026-05-18,WEEK,w21,10880.0,10880.0,6365.0,6365.0,,,,,0.0,4515.0,0,RC
178,8,1,1,2026-05-25,WEEK,w22,6365.0,6365.0,2255.0,2255.0,,,,,0.0,4110.0,0,RC
179,8,1,1,2026-06-01,WEEK,w23,2255.0,15176.0,2255.0,11308.0,,,,,12921.0,3868.0,0,RC
180,8,1,1,2026-06-08,WEEK,w24,11308.0,11308.0,7519.0,7519.0,,,,,0.0,3789.0,0,RC
181,8,1,1,2026-06-15,WEEK,w25,7519.0,7519.0,3683.0,3683.0,,,,,0.0,3836.0,0,RC
182,8,1,1,2026-06-22,WEEK,w26,3683.0,15592.0,3683.0,11833.0,,,,,11909.0,3759.0,0,RC
183,8,1,1,2026-06-29,WEEK,w27,11833.0,11833.0,8144.0,8144.0,,,,,0.0,3689.0,0,RC
184,8,1,1,2026-07-06,WEEK,w28,8144.0,8144.0,4367.0,4367.0,,,,,0.0,3777.0,0,RC
185,8,1,1,2026-07-13,WEEK,w29,4367.0,13422.0,4367.0,9693.0,,,,,9055.0,3729.0,0,RC
186,8,1,1,2026-07-20,WEEK,w30,9693.0,9693.0,5804.0,5804.0,,,,,0.0,3889.0,0,RC
187,8,1,1,2026-07-27,WEEK,w31,5804.0,5804.0,1970.0,1970.0,,,,,0.0,3834.0,0,RC
188,8,1,1,2026-08-03,WEEK,w32,1970.0,12375.0,1970.0,8376.0,,,,,10405.0,3999.0,0,RC
189,8,1,1,2026-08-10,WEEK,w33,8376.0,8376.0,4447.0,4447.0,,,,,0.0,3929.0,0,RC
190,8,1,1,2026-08-17,WEEK,w34,4447.0,4447.0,346.0,346.0,,,,,0.0,4101.0,0,RC
191,8,1,1,2026-08-24,WEEK,w35,346.0,11332.0,346.0,7296.0,,,,,10986.0,4036.0,0,RC
192,8,1,1,2026-08-31,WEEK,w36,7296.0,7296.0,3240.0,3240.0,,,,,0.0,4056.0,0,RC
193,8,1,1,2026-09-07,WEEK,w37,3240.0,3240.0,0.0,0.0,,,,,0.0,4372.0,1,RC
194,8,1,1,2026-09-14,WEEK,w38,0.0,12393.0,0.0,7864.0,,,,,12393.0,4529.0,0,RC
195,8,1,1,2026-09-21,WEEK,w39,7864.0,7864.0,3207.0,3207.0,,,,,0.0,4657.0,0,RC
196,8,1,1,2026-09-28,WEEK,w40,3207.0,3207.0,0.0,0.0,,,,,0.0,4543.0,1,RC
197,8,1,1,2026-10-05,WEEK,w41,0.0,11617.0,0.0,6712.0,,,,,11617.0,4905.0,0,RC
198,8,1,1,2026-10-12,WEEK,w42,6712.0,6712.0,1613.0,1613.0,,,,,0.0,5099.0,0,RC
199,8,1,1,2026-10-19,WEEK,w43,1613.0,1613.0,0.0,0.0,,,,,0.0,5153.0,1,RC
200,8,1,1,2026-10-26,WEEK,w44,0.0,17546.0,0.0,12611.0,,,,,17546.0,4935.0,0,RC
201,8,1,1,2026-11-02,WEEK,w45,12611.0,12611.0,7243.0,7243.0,,,,,0.0,5368.0,0,RC
202,8,1,1,2026-11-09,WEEK,w46,7243.0,7243.0,1956.0,1956.0,,,,,0.0,5287.0,0,RC
203,8,1,1,2026-11-16,WEEK,w47,1956.0,18392.0,1956.0,12962.0,,,,,16436.0,5430.0,0,RC
204,8,1,1,2026-11-23,WEEK,w48,12962.0,12962.0,7071.0,7071.0,,,,,0.0,5891.0,0,RC
205,8,1,1,2026-11-30,WEEK,w49,7071.0,7071.0,2991.0,2991.0,,,,,0.0,4080.0,0,RC
206,8,1,1,2026-12-07,WEEK,w50,2991.0,14191.0,2991.0,9991.0,,,,,11200.0,4200.0,0,RC
207,8,1,1,2026-12-14,WEEK,w51,9991.0,9991.0,5751.0,5751.0,,,,,0.0,4240.0,0,RC
208,8,1,1,2026-12-21,WEEK,w52,5751.0,5751.0,1483.0,1483.0,,,,,0.0,4268.0,0,RC
209,20,2,2,2025-12-29,WEEK,w01,9010.0,9010.0,0.0,0.0,,,,,0.0,2553.0,1,RC
210,20,2,2,2026-01-05,WEEK,w02,9010.0,17681.0,0.0,0.0,,,,,8671.0,2664.0,1,RC
211,20,2,2,2026-01-12,WEEK,w03,9010.0,9010.0,0.0,0.0,,,,,0.0,2592.0,1,RC
212,20,2,2,2026-01-19,WEEK,w04,9010.0,9010.0,0.0,0.0,,,,,0.0,2610.0,1,RC
213,20,2,2,2026-01-26,WEEK,w05,9010.0,16203.0,0.0,0.0,,,,,7193.0,2845.0,1,RC
214,20,2,2,2026-02-02,WEEK,w06,9010.0,9010.0,2396.0,2396.0,,,,,0.0,2756.0,0,RC
215,20,2,2,2026-02-09,WEEK,w07,9010.0,9010.0,4556.0,4556.0,,,,,0.0,2784.0,0,RC
216,20,2,2,2026-02-16,WEEK,w08,9010.0,18334.0,6732.0,6732.0,,,,,9324.0,2848.0,0,RC
217,20,2,2,2026-02-23,WEEK,w09,9010.0,9010.0,5836.0,5836.0,6076.0,397.0,93.0,2934.0,0.0,3174.0,0,RC
218,20,2,2,2026-03-02,WEEK,w10,5752.0,5752.0,2578.0,2578.0,,,,,0.0,3258.0,0,RC
219,20,2,2,2026-03-09,WEEK,w11,2494.0,12510.0,2494.0,9037.0,,,,,10016.0,3473.0,0,RC
220,20,2,2,2026-03-16,WEEK,w12,9037.0,9037.0,5392.0,5392.0,,,,,0.0,3645.0,0,RC
221,20,2,2,2026-03-23,WEEK,w13,5392.0,5392.0,1800.0,1800.0,,,,,0.0,3592.0,0,RC
222,20,2,2,2026-03-30,WEEK,w14,1800.0,11182.0,1800.0,7706.0,,,,,9382.0,3476.0,0,RC
223,20,2,2,2026-04-06,WEEK,w15,7706.0,7706.0,4396.0,4396.0,,,,,0.0,3310.0,0,RC
224,20,2,2,2026-04-13,WEEK,w16,4396.0,4396.0,1026.0,1026.0,,,,,0.0,3370.0,0,RC
225,20,2,2,2026-04-20,WEEK,w17,1026.0,8695.0,1026.0,5651.0,,,,,7669.0,3044.0,0,RC
226,20,2,2,2026-04-27,WEEK,w18,5651.0,5651.0,2418.0,2418.0,,,,,0.0,3233.0,0,RC
227,20,2,2,2026-05-04,WEEK,w19,2418.0,2418.0,0.0,0.0,,,,,0.0,3108.0,1,RC
228,20,2,2,2026-05-11,WEEK,w20,0.0,9548.0,0.0,6640.0,,,,,9548.0,2908.0,0,RC
229,20,2,2,2026-05-18,WEEK,w21,6640.0,6640.0,3805.0,3805.0,,,,,0.0,2835.0,0,RC
230,20,2,2,2026-05-25,WEEK,w22,3805.0,3805.0,1243.0,1243.0,,,,,0.0,2562.0,0,RC
231,20,2,2,2026-06-01,WEEK,w23,1243.0,7390.0,1243.0,4968.0,,,,,6147.0,2422.0,0,RC
232,20,2,2,2026-06-08,WEEK,w24,4968.0,4968.0,2562.0,2562.0,,,,,0.0,2406.0,0,RC
233,20,2,2,2026-06-15,WEEK,w25,2562.0,2562.0,204.0,204.0,,,,,0.0,2358.0,0,RC
234,20,2,2,2026-06-22,WEEK,w26,204.0,6456.0,204.0,4196.0,,,,,6252.0,2260.0,0,RC
235,20,2,2,2026-06-29,WEEK,w27,4196.0,4196.0,1833.0,1833.0,,,,,0.0,2363.0,0,RC
236,20,2,2,2026-07-06,WEEK,w28,1833.0,1833.0,0.0,0.0,,,,,0.0,2430.0,1,RC
237,20,2,2,2026-07-13,WEEK,w29,0.0,6334.0,0.0,4001.0,,,,,6334.0,2333.0,0,RC
238,20,2,2,2026-07-20,WEEK,w30,4001.0,4001.0,1553.0,1553.0,,,,,0.0,2448.0,0,RC
239,20,2,2,2026-07-27,WEEK,w31,1553.0,1553.0,0.0,0.0,,,,,0.0,2497.0,1,RC
240,20,2,2,2026-08-03,WEEK,w32,0.0,8090.0,0.0,5586.0,,,,,8090.0,2504.0,0,RC
241,20,2,2,2026-08-10,WEEK,w33,5586.0,5586.0,3025.0,3025.0,,,,,0.0,2561.0,0,RC
242,20,2,2,2026-08-17,WEEK,w34,3025.0,3025.0,473.0,473.0,,,,,0.0,2552.0,0,RC
243,20,2,2,2026-08-24,WEEK,w35,473.0,8552.0,473.0,5853.0,,,,,8079.0,2699.0,0,RC
244,20,2,2,2026-08-31,WEEK,w36,5853.0,5853.0,3199.0,3199.0,,,,,0.0,2654.0,0,RC
245,20,2,2,2026-09-07,WEEK,w37,3199.0,3199.0,543.0,543.0,,,,,0.0,2656.0,0,RC
246,20,2,2,2026-09-14,WEEK,w38,543.0,9686.0,543.0,6883.0,,,,,9143.0,2803.0,0,RC
247,20,2,2,2026-09-21,WEEK,w39,6883.0,6883.0,3973.0,3973.0,,,,,0.0,2910.0,0,RC
248,20,2,2,2026-09-28,WEEK,w40,3973.0,3973.0,1171.0,1171.0,,,,,0.0,2802.0,0,RC
249,20,2,2,2026-10-05,WEEK,w41,1171.0,8947.0,1171.0,5923.0,,,,,7776.0,3024.0,0,RC
250,20,2,2,2026-10-12,WEEK,w42,5923.0,5923.0,2814.0,2814.0,,,,,0.0,3109.0,0,RC
251,20,2,2,2026-10-19,WEEK,w43,2814.0,2814.0,0.0,0.0,,,,,0.0,3036.0,1,RC
252,20,2,2,2026-10-26,WEEK,w44,0.0,9674.0,0.0,6485.0,,,,,9674.0,3189.0,0,RC
253,20,2,2,2026-11-02,WEEK,w45,6485.0,6485.0,3085.0,3085.0,,,,,0.0,3400.0,0,RC
254,20,2,2,2026-11-09,WEEK,w46,3085.0,3085.0,0.0,0.0,,,,,0.0,3380.0,1,RC
255,20,2,2,2026-11-16,WEEK,w47,0.0,10248.0,0.0,6950.0,,,,,10248.0,3298.0,0,RC
256,20,2,2,2026-11-23,WEEK,w48,6950.0,6950.0,3578.0,3578.0,,,,,0.0,3372.0,0,RC
257,20,2,2,2026-11-30,WEEK,w49,3578.0,3578.0,1008.0,1008.0,,,,,0.0,2570.0,0,RC
258,20,2,2,2026-12-07,WEEK,w50,1008.0,9586.0,1008.0,6897.0,,,,,8578.0,2689.0,0,RC
259,20,2,2,2026-12-14,WEEK,w51,6897.0,6897.0,4353.0,4353.0,,,,,0.0,2544.0,0,RC
260,20,2,2,2026-12-21,WEEK,w52,4353.0,4353.0,1725.0,1725.0,,,,,0.0,2628.0,0,RC
261,10,2,2,2025-12-29,WEEK,w01,16828.0,16828.0,0.0,0.0,,,,,0.0,4202.0,1,RC
262,10,2,2,2026-01-05,WEEK,w02,16828.0,16828.0,0.0,0.0,,,,,0.0,4355.0,1,RC
263,10,2,2,2026-01-12,WEEK,w03,16828.0,27136.0,0.0,0.0,,,,,10308.0,4263.0,1,RC
264,10,2,2,2026-01-19,WEEK,w04,16828.0,16828.0,0.0,0.0,,,,,0.0,4352.0,1,RC
265,10,2,2,2026-01-26,WEEK,w05,16828.0,16828.0,2169.0,2169.0,,,,,0.0,4581.0,0,RC
266,10,2,2,2026-02-02,WEEK,w06,16828.0,29994.0,5332.0,5332.0,,,,,13166.0,4790.0,0,RC
267,10,2,2,2026-02-09,WEEK,w07,16828.0,16828.0,8958.0,8958.0,,,,,0.0,4919.0,0,RC
268,10,2,2,2026-02-16,WEEK,w08,16828.0,16828.0,13181.0,13181.0,,,,,0.0,4559.0,0,RC
269,10,2,2,2026-02-23,WEEK,w09,16828.0,30310.0,16828.0,24730.0,12086.0,1147.0,25.0,4742.0,13482.0,5580.0,0,RC
270,10,2,2,2026-03-02,WEEK,w10,11280.0,19182.0,11280.0,19182.0,,,,,0.0,5548.0,0,RC
271,10,2,2,2026-03-09,WEEK,w11,5732.0,5732.0,0.0,0.0,,,,,0.0,5756.0,1,RC
272,10,2,2,2026-03-16,WEEK,w12,0.0,18193.0,0.0,12257.0,,,,,18193.0,5936.0,0,RC
273,10,2,2,2026-03-23,WEEK,w13,12257.0,12257.0,6421.0,6421.0,,,,,0.0,5836.0,0,RC
274,10,2,2,2026-03-30,WEEK,w14,6421.0,6421.0,724.0,724.0,,,,,0.0,5697.0,0,RC
275,10,2,2,2026-04-06,WEEK,w15,724.0,15903.0,724.0,10144.0,,,,,15179.0,5759.0,0,RC
276,10,2,2,2026-04-13,WEEK,w16,10144.0,10144.0,4810.0,4810.0,,,,,0.0,5334.0,0,RC
277,10,2,2,2026-04-20,WEEK,w17,4810.0,4810.0,0.0,0.0,,,,,0.0,5089.0,1,RC
278,10,2,2,2026-04-27,WEEK,w18,0.0,17909.0,0.0,12680.0,,,,,17909.0,5229.0,0,RC
279,10,2,2,2026-05-04,WEEK,w19,12680.0,12680.0,7613.0,7613.0,,,,,0.0,5067.0,0,RC
280,10,2,2,2026-05-11,WEEK,w20,7613.0,7613.0,2784.0,2784.0,,,,,0.0,4829.0,0,RC
281,10,2,2,2026-05-18,WEEK,w21,2784.0,16641.0,2784.0,12018.0,,,,,13857.0,4623.0,0,RC
282,10,2,2,2026-05-25,WEEK,w22,12018.0,12018.0,7826.0,7826.0,,,,,0.0,4192.0,0,RC
283,10,2,2,2026-06-01,WEEK,w23,7826.0,7826.0,3637.0,3637.0,,,,,0.0,4189.0,0,RC
284,10,2,2,2026-06-08,WEEK,w24,3637.0,16782.0,3637.0,12905.0,,,,,13145.0,3877.0,0,RC
285,10,2,2,2026-06-15,WEEK,w25,12905.0,12905.0,9021.0,9021.0,,,,,0.0,3884.0,0,RC
286,10,2,2,2026-06-22,WEEK,w26,9021.0,9021.0,5304.0,5304.0,,,,,0.0,3717.0,0,RC
287,10,2,2,2026-06-29,WEEK,w27,5304.0,14820.0,5304.0,11004.0,,,,,9516.0,3816.0,0,RC
288,10,2,2,2026-07-06,WEEK,w28,11004.0,11004.0,7175.0,7175.0,,,,,0.0,3829.0,0,RC
289,10,2,2,2026-07-13,WEEK,w29,7175.0,7175.0,3252.0,3252.0,,,,,0.0,3923.0,0,RC
290,10,2,2,2026-07-20,WEEK,w30,3252.0,16443.0,3252.0,12425.0,,,,,13191.0,4018.0,0,RC
291,10,2,2,2026-07-27,WEEK,w31,12425.0,12425.0,8462.0,8462.0,,,,,0.0,3963.0,0,RC
292,10,2,2,2026-08-03,WEEK,w32,8462.0,8462.0,4479.0,4479.0,,,,,0.0,3983.0,0,RC
293,10,2,2,2026-08-10,WEEK,w33,4479.0,18398.0,4479.0,14399.0,,,,,13919.0,3999.0,0,RC
294,10,2,2,2026-08-17,WEEK,w34,14399.0,14399.0,10228.0,10228.0,,,,,0.0,4171.0,0,RC
295,10,2,2,2026-08-24,WEEK,w35,10228.0,10228.0,6022.0,6022.0,,,,,0.0,4206.0,0,RC
296,10,2,2,2026-08-31,WEEK,w36,6022.0,18425.0,6022.0,14272.0,,,,,12403.0,4153.0,0,RC
297,10,2,2,2026-09-07,WEEK,w37,14272.0,14272.0,9720.0,9720.0,,,,,0.0,4552.0,0,RC
298,10,2,2,2026-09-14,WEEK,w38,9720.0,9720.0,5014.0,5014.0,,,,,0.0,4706.0,0,RC
299,10,2,2,2026-09-21,WEEK,w39,5014.0,19334.0,5014.0,14559.0,,,,,14320.0,4775.0,0,RC
300,10,2,2,2026-09-28,WEEK,w40,14559.0,14559.0,9843.0,9843.0,,,,,0.0,4716.0,0,RC
301,10,2,2,2026-10-05,WEEK,w41,9843.0,9843.0,4946.0,4946.0,,,,,0.0,4897.0,0,RC
302,10,2,2,2026-10-12,WEEK,w42,4946.0,21273.0,4946.0,16052.0,,,,,16327.0,5221.0,0,RC
303,10,2,2,2026-10-19,WEEK,w43,16052.0,16052.0,10884.0,10884.0,,,,,0.0,5168.0,0,RC
304,10,2,2,2026-10-26,WEEK,w44,10884.0,10884.0,5647.0,5647.0,,,,,0.0,5237.0,0,RC
305,10,2,2,2026-11-02,WEEK,w45,5647.0,19461.0,5647.0,14166.0,,,,,13814.0,5295.0,0,RC
306,10,2,2,2026-11-09,WEEK,w46,14166.0,14166.0,8647.0,8647.0,,,,,0.0,5519.0,0,RC
307,10,2,2,2026-11-16,WEEK,w47,8647.0,8647.0,3025.0,3025.0,,,,,0.0,5622.0,0,RC
308,10,2,2,2026-11-23,WEEK,w48,3025.0,19877.0,3025.0,14119.0,,,,,16852.0,5758.0,0,RC
309,10,2,2,2026-11-30,WEEK,w49,14119.0,14119.0,9791.0,9791.0,,,,,0.0,4328.0,0,RC
310,10,2,2,2026-12-07,WEEK,w50,9791.0,9791.0,5479.0,5479.0,,,,,0.0,4312.0,0,RC
311,10,2,2,2026-12-14,WEEK,w51,5479.0,17426.0,5479.0,13089.0,,,,,11947.0,4337.0,0,RC
312,10,2,2,2026-12-21,WEEK,w52,13089.0,13089.0,8698.0,8698.0,,,,,0.0,4391.0,0,RC
313,3,1,1,2025-12-29,WEEK,w01,12703.0,22483.0,0.0,0.0,,,,,9780.0,3756.0,1,RC
314,3,1,1,2026-01-05,WEEK,w02,12703.0,12703.0,0.0,0.0,,,,,0.0,3948.0,1,RC
315,3,1,1,2026-01-12,WEEK,w03,12703.0,12703.0,0.0,0.0,,,,,0.0,3832.0,1,RC
316,3,1,1,2026-01-19,WEEK,w04,12703.0,22410.0,0.0,0.0,,,,,9707.0,3720.0,1,RC
317,3,1,1,2026-01-26,WEEK,w05,12703.0,12703.0,0.0,0.0,,,,,0.0,4047.0,1,RC
318,3,1,1,2026-02-02,WEEK,w06,12703.0,12703.0,2949.0,2949.0,,,,,0.0,4064.0,0,RC
319,3,1,1,2026-02-09,WEEK,w07,12703.0,25382.0,6151.0,6151.0,,,,,12679.0,4095.0,0,RC
320,3,1,1,2026-02-16,WEEK,w08,12703.0,12703.0,9449.0,9449.0,,,,,0.0,4067.0,0,RC
321,3,1,1,2026-02-23,WEEK,w09,12703.0,12703.0,8072.0,8072.0,8761.0,1045.0,252.0,3942.0,0.0,4631.0,0,RC
322,3,1,1,2026-03-02,WEEK,w10,21647.0,35446.0,17016.0,17016.0,,,,,13799.0,4855.0,0,RC
323,3,1,1,2026-03-09,WEEK,w11,30591.0,30591.0,25780.0,25780.0,,,,,0.0,4811.0,0,RC
324,3,1,1,2026-03-16,WEEK,w12,25780.0,25780.0,20487.0,20487.0,,,,,0.0,5293.0,0,RC
325,3,1,1,2026-03-23,WEEK,w13,20487.0,37456.0,20487.0,32498.0,,,,,16969.0,4958.0,0,RC
326,3,1,1,2026-03-30,WEEK,w14,32498.0,32498.0,27548.0,27548.0,,,,,0.0,4950.0,0,RC
327,3,1,1,2026-04-06,WEEK,w15,27548.0,27548.0,22643.0,22643.0,,,,,0.0,4905.0,0,RC
328,3,1,1,2026-04-13,WEEK,w16,22643.0,38698.0,22643.0,33765.0,,,,,16055.0,4933.0,0,RC
329,3,1,1,2026-04-20,WEEK,w17,33765.0,33765.0,29347.0,29347.0,,,,,0.0,4418.0,0,RC
330,3,1,1,2026-04-27,WEEK,w18,29347.0,29347.0,24824.0,24824.0,,,,,0.0,4523.0,0,RC
331,3,1,1,2026-05-04,WEEK,w19,24824.0,36728.0,24824.0,32194.0,,,,,11904.0,4534.0,0,RC
332,3,1,1,2026-05-11,WEEK,w20,32194.0,32194.0,27892.0,27892.0,,,,,0.0,4302.0,0,RC
333,3,1,1,2026-05-18,WEEK,w21,27892.0,27892.0,23801.0,23801.0,,,,,0.0,4091.0,0,RC
334,3,1,1,2026-05-25,WEEK,w22,23801.0,33425.0,23801.0,29773.0,,,,,9624.0,3652.0,0,RC
335,3,1,1,2026-06-01,WEEK,w23,29773.0,29773.0,26258.0,26258.0,,,,,0.0,3515.0,0,RC
336,3,1,1,2026-06-08,WEEK,w24,26258.0,26258.0,22676.0,22676.0,,,,,0.0,3582.0,0,RC
337,3,1,1,2026-06-15,WEEK,w25,22676.0,33745.0,22676.0,30208.0,,,,,11069.0,3537.0,0,RC
338,3,1,1,2026-06-22,WEEK,w26,30208.0,30208.0,26772.0,26772.0,,,,,0.0,3436.0,0,RC
339,3,1,1,2026-06-29,WEEK,w27,26772.0,26772.0,23332.0,23332.0,,,,,0.0,3440.0,0,RC
340,3,1,1,2026-07-06,WEEK,w28,23332.0,32326.0,23332.0,28966.0,,,,,8994.0,3360.0,0,RC
341,3,1,1,2026-07-13,WEEK,w29,28966.0,28966.0,25395.0,25395.0,,,,,0.0,3571.0,0,RC
342,3,1,1,2026-07-20,WEEK,w30,25395.0,25395.0,21987.0,21987.0,,,,,0.0,3408.0,0,RC
343,3,1,1,2026-07-27,WEEK,w31,21987.0,33604.0,21987.0,30120.0,,,,,11617.0,3484.0,0,RC
344,3,1,1,2026-08-03,WEEK,w32,30120.0,30120.0,26607.0,26607.0,,,,,0.0,3513.0,0,RC
345,3,1,1,2026-08-10,WEEK,w33,26607.0,26607.0,22995.0,22995.0,,,,,0.0,3612.0,0,RC
346,3,1,1,2026-08-17,WEEK,w34,22995.0,33454.0,22995.0,29807.0,,,,,10459.0,3647.0,0,RC
347,3,1,1,2026-08-24,WEEK,w35,29807.0,29807.0,26124.0,26124.0,,,,,0.0,3683.0,0,RC
348,3,1,1,2026-08-31,WEEK,w36,26124.0,26124.0,22290.0,22290.0,,,,,0.0,3834.0,0,RC
349,3,1,1,2026-09-07,WEEK,w37,22290.0,34663.0,22290.0,30740.0,,,,,12373.0,3923.0,0,RC
350,3,1,1,2026-09-14,WEEK,w38,30740.0,30740.0,26609.0,26609.0,,,,,0.0,4131.0,0,RC
351,3,1,1,2026-09-21,WEEK,w39,26609.0,26609.0,22545.0,22545.0,,,,,0.0,4064.0,0,RC
352,3,1,1,2026-09-28,WEEK,w40,22545.0,32638.0,22545.0,28464.0,,,,,10093.0,4174.0,0,RC
353,3,1,1,2026-10-05,WEEK,w41,28464.0,28464.0,24083.0,24083.0,,,,,0.0,4381.0,0,RC
354,3,1,1,2026-10-12,WEEK,w42,24083.0,24083.0,19760.0,19760.0,,,,,0.0,4323.0,0,RC
355,3,1,1,2026-10-19,WEEK,w43,19760.0,33662.0,19760.0,29162.0,,,,,13902.0,4500.0,0,RC
356,3,1,1,2026-10-26,WEEK,w44,29162.0,29162.0,24662.0,24662.0,,,,,0.0,4500.0,0,RC
357,3,1,1,2026-11-02,WEEK,w45,24662.0,24662.0,19968.0,19968.0,,,,,0.0,4694.0,0,RC
358,3,1,1,2026-11-09,WEEK,w46,19968.0,34008.0,19968.0,28874.0,,,,,14040.0,5134.0,0,RC
359,3,1,1,2026-11-16,WEEK,w47,28874.0,28874.0,23929.0,23929.0,,,,,0.0,4945.0,0,RC
360,3,1,1,2026-11-23,WEEK,w48,23929.0,23929.0,18672.0,18672.0,,,,,0.0,5257.0,0,RC
361,3,1,1,2026-11-30,WEEK,w49,18672.0,30087.0,18672.0,26362.0,,,,,11415.0,3725.0,0,RC
362,3,1,1,2026-12-07,WEEK,w50,26362.0,26362.0,22507.0,22507.0,,,,,0.0,3855.0,0,RC
363,3,1,1,2026-12-14,WEEK,w51,22507.0,22507.0,18628.0,18628.0,,,,,0.0,3879.0,0,RC
364,3,1,1,2026-12-21,WEEK,w52,18628.0,28134.0,18628.0,24305.0,,,,,9506.0,3829.0,0,RC
365,4,1,1,2025-12-29,WEEK,w01,35343.0,35343.0,0.0,0.0,,,,,0.0,8497.0,1,RC
366,4,1,1,2026-01-05,WEEK,w02,35343.0,35343.0,0.0,0.0,,,,,0.0,8068.0,1,RC
367,4,1,1,2026-01-12,WEEK,w03,35343.0,61772.0,0.0,0.0,,,,,26429.0,8120.0,1,RC
368,4,1,1,2026-01-19,WEEK,w04,35343.0,35343.0,1551.0,1551.0,,,,,0.0,8448.0,0,RC
369,4,1,1,2026-01-26,WEEK,w05,35343.0,35343.0,5612.0,5612.0,,,,,0.0,9291.0,0,RC
370,4,1,1,2026-02-02,WEEK,w06,35343.0,65795.0,13184.0,13184.0,,,,,30452.0,9233.0,0,RC
371,4,1,1,2026-02-09,WEEK,w07,35343.0,35343.0,20508.0,20508.0,,,,,0.0,9272.0,0,RC
372,4,1,1,2026-02-16,WEEK,w08,35343.0,35343.0,28014.0,28014.0,,,,,0.0,9161.0,0,RC
373,4,1,1,2026-02-23,WEEK,w09,35343.0,61904.0,35343.0,51735.0,26251.0,1551.0,1106.0,9092.0,26561.0,10169.0,0,RC
374,4,1,1,2026-03-02,WEEK,w10,24686.0,41078.0,24686.0,41078.0,,,,,0.0,10657.0,0,RC
375,4,1,1,2026-03-09,WEEK,w11,14029.0,14029.0,3514.0,3514.0,,,,,0.0,10515.0,0,RC
376,4,1,1,2026-03-16,WEEK,w12,3514.0,30572.0,3514.0,19001.0,,,,,27058.0,11571.0,0,RC
377,4,1,1,2026-03-23,WEEK,w13,19001.0,19001.0,7721.0,7721.0,,,,,0.0,11280.0,0,RC
378,4,1,1,2026-03-30,WEEK,w14,7721.0,7721.0,0.0,0.0,,,,,0.0,10704.0,1,RC
379,4,1,1,2026-04-06,WEEK,w15,0.0,25123.0,0.0,14366.0,,,,,25123.0,10757.0,0,RC
380,4,1,1,2026-04-13,WEEK,w16,14366.0,14366.0,3620.0,3620.0,,,,,0.0,10746.0,0,RC
381,4,1,1,2026-04-20,WEEK,w17,3620.0,3620.0,0.0,0.0,,,,,0.0,9684.0,1,RC
382,4,1,1,2026-04-27,WEEK,w18,0.0,30581.0,0.0,20552.0,,,,,30581.0,10029.0,0,RC
383,4,1,1,2026-05-04,WEEK,w19,20552.0,20552.0,11003.0,11003.0,,,,,0.0,9549.0,0,RC
384,4,1,1,2026-05-11,WEEK,w20,11003.0,11003.0,1792.0,1792.0,,,,,0.0,9211.0,0,RC
385,4,1,1,2026-05-18,WEEK,w21,1792.0,28185.0,1792.0,19806.0,,,,,26393.0,8379.0,0,RC
386,4,1,1,2026-05-25,WEEK,w22,19806.0,19806.0,11430.0,11430.0,,,,,0.0,8376.0,0,RC
387,4,1,1,2026-06-01,WEEK,w23,11430.0,11430.0,3272.0,3272.0,,,,,0.0,8158.0,0,RC
388,4,1,1,2026-06-08,WEEK,w24,3272.0,26090.0,3272.0,18331.0,,,,,22818.0,7759.0,0,RC
389,4,1,1,2026-06-15,WEEK,w25,18331.0,18331.0,10743.0,10743.0,,,,,0.0,7588.0,0,RC
390,4,1,1,2026-06-22,WEEK,w26,10743.0,10743.0,3021.0,3021.0,,,,,0.0,7722.0,0,RC
391,4,1,1,2026-06-29,WEEK,w27,3021.0,22281.0,3021.0,14687.0,,,,,19260.0,7594.0,0,RC
392,4,1,1,2026-07-06,WEEK,w28,14687.0,14687.0,7425.0,7425.0,,,,,0.0,7262.0,0,RC
393,4,1,1,2026-07-13,WEEK,w29,7425.0,7425.0,0.0,0.0,,,,,0.0,7683.0,1,RC
394,4,1,1,2026-07-20,WEEK,w30,0.0,21145.0,0.0,13444.0,,,,,21145.0,7701.0,0,RC
395,4,1,1,2026-07-27,WEEK,w31,13444.0,13444.0,5772.0,5772.0,,,,,0.0,7672.0,0,RC
396,4,1,1,2026-08-03,WEEK,w32,5772.0,5772.0,0.0,0.0,,,,,0.0,7865.0,1,RC
397,4,1,1,2026-08-10,WEEK,w33,0.0,23760.0,0.0,15601.0,,,,,23760.0,8159.0,0,RC
398,4,1,1,2026-08-17,WEEK,w34,15601.0,15601.0,7190.0,7190.0,,,,,0.0,8411.0,0,RC
399,4,1,1,2026-08-24,WEEK,w35,7190.0,7190.0,0.0,0.0,,,,,0.0,8267.0,1,RC
400,4,1,1,2026-08-31,WEEK,w36,0.0,24038.0,0.0,15995.0,,,,,24038.0,8043.0,0,RC
401,4,1,1,2026-09-07,WEEK,w37,15995.0,15995.0,6942.0,6942.0,,,,,0.0,9053.0,0,RC
402,4,1,1,2026-09-14,WEEK,w38,6942.0,6942.0,0.0,0.0,,,,,0.0,9207.0,1,RC
403,4,1,1,2026-09-21,WEEK,w39,0.0,31821.0,0.0,22965.0,,,,,31821.0,8856.0,0,RC
404,4,1,1,2026-09-28,WEEK,w40,22965.0,22965.0,13528.0,13528.0,,,,,0.0,9437.0,0,RC
405,4,1,1,2026-10-05,WEEK,w41,13528.0,13528.0,3701.0,3701.0,,,,,0.0,9827.0,0,RC
406,4,1,1,2026-10-12,WEEK,w42,3701.0,27831.0,3701.0,18022.0,,,,,24130.0,9809.0,0,RC
407,4,1,1,2026-10-19,WEEK,w43,18022.0,18022.0,7989.0,7989.0,,,,,0.0,10033.0,0,RC
408,4,1,1,2026-10-26,WEEK,w44,7989.0,7989.0,0.0,0.0,,,,,0.0,10044.0,1,RC
409,4,1,1,2026-11-02,WEEK,w45,0.0,33297.0,0.0,23051.0,,,,,33297.0,10246.0,0,RC
410,4,1,1,2026-11-09,WEEK,w46,23051.0,23051.0,12403.0,12403.0,,,,,0.0,10648.0,0,RC
411,4,1,1,2026-11-16,WEEK,w47,12403.0,12403.0,1182.0,1182.0,,,,,0.0,11221.0,0,RC
412,4,1,1,2026-11-23,WEEK,w48,1182.0,32390.0,1182.0,21629.0,,,,,31208.0,10761.0,0,RC
413,4,1,1,2026-11-30,WEEK,w49,21629.0,21629.0,13440.0,13440.0,,,,,0.0,8189.0,0,RC
414,4,1,1,2026-12-07,WEEK,w50,13440.0,13440.0,5208.0,5208.0,,,,,0.0,8232.0,0,RC
415,4,1,1,2026-12-14,WEEK,w51,5208.0,28563.0,5208.0,20238.0,,,,,23355.0,8325.0,0,RC
416,4,1,1,2026-12-21,WEEK,w52,20238.0,20238.0,11659.0,11659.0,,,,,0.0,8579.0,0,RC
417,18,2,2,2025-12-29,WEEK,w01,8956.0,18491.0,0.0,0.0,,,,,9535.0,2825.0,1,RC
418,18,2,2,2026-01-05,WEEK,w02,8956.0,8956.0,0.0,0.0,,,,,0.0,2708.0,1,RC
419,18,2,2,2026-01-12,WEEK,w03,8956.0,8956.0,0.0,0.0,,,,,0.0,2797.0,1,RC
420,18,2,2,2026-01-19,WEEK,w04,8956.0,17730.0,0.0,0.0,,,,,8774.0,2705.0,1,RC
421,18,2,2,2026-01-26,WEEK,w05,8956.0,8956.0,0.0,0.0,,,,,0.0,3057.0,1,RC
422,18,2,2,2026-02-02,WEEK,w06,8956.0,8956.0,1619.0,1619.0,,,,,0.0,3057.0,0,RC
423,18,2,2,2026-02-09,WEEK,w07,8956.0,18734.0,4199.0,4199.0,,,,,9778.0,2973.0,0,RC
424,18,2,2,2026-02-16,WEEK,w08,8956.0,8956.0,6522.0,6522.0,,,,,0.0,3043.0,0,RC
425,18,2,2,2026-02-23,WEEK,w09,8956.0,8956.0,5565.0,5565.0,6975.0,776.0,268.0,1981.0,0.0,3391.0,0,RC
426,18,2,2,2026-03-02,WEEK,w10,17362.0,29498.0,13971.0,13971.0,,,,,12136.0,3730.0,0,RC
427,18,2,2,2026-03-09,WEEK,w11,25768.0,25768.0,21998.0,21998.0,,,,,0.0,3770.0,0,RC
428,18,2,2,2026-03-16,WEEK,w12,21998.0,21998.0,18347.0,18347.0,,,,,0.0,3651.0,0,RC
429,18,2,2,2026-03-23,WEEK,w13,18347.0,28284.0,18347.0,24366.0,,,,,9937.0,3918.0,0,RC
430,18,2,2,2026-03-30,WEEK,w14,24366.0,24366.0,20719.0,20719.0,,,,,0.0,3647.0,0,RC
431,18,2,2,2026-04-06,WEEK,w15,20719.0,20719.0,17137.0,17137.0,,,,,0.0,3582.0,0,RC
432,18,2,2,2026-04-13,WEEK,w16,17137.0,28577.0,17137.0,25195.0,,,,,11440.0,3382.0,0,RC
433,18,2,2,2026-04-20,WEEK,w17,25195.0,25195.0,21835.0,21835.0,,,,,0.0,3360.0,0,RC
434,18,2,2,2026-04-27,WEEK,w18,21835.0,21835.0,18396.0,18396.0,,,,,0.0,3439.0,0,RC
435,18,2,2,2026-05-04,WEEK,w19,18396.0,26556.0,18396.0,23283.0,,,,,8160.0,3273.0,0,RC
436,18,2,2,2026-05-11,WEEK,w20,23283.0,23283.0,20314.0,20314.0,,,,,0.0,2969.0,0,RC
437,18,2,2,2026-05-18,WEEK,w21,20314.0,20314.0,17474.0,17474.0,,,,,0.0,2840.0,0,RC
438,18,2,2,2026-05-25,WEEK,w22,17474.0,24922.0,17474.0,22199.0,,,,,7448.0,2723.0,0,RC
439,18,2,2,2026-06-01,WEEK,w23,22199.0,22199.0,19583.0,19583.0,,,,,0.0,2616.0,0,RC
440,18,2,2,2026-06-08,WEEK,w24,19583.0,19583.0,17035.0,17035.0,,,,,0.0,2548.0,0,RC
441,18,2,2,2026-06-15,WEEK,w25,17035.0,23846.0,17035.0,21370.0,,,,,6811.0,2476.0,0,RC
442,18,2,2,2026-06-22,WEEK,w26,21370.0,21370.0,18789.0,18789.0,,,,,0.0,2581.0,0,RC
443,18,2,2,2026-06-29,WEEK,w27,18789.0,18789.0,16182.0,16182.0,,,,,0.0,2607.0,0,RC
444,18,2,2,2026-07-06,WEEK,w28,16182.0,24937.0,16182.0,22436.0,,,,,8755.0,2501.0,0,RC
445,18,2,2,2026-07-13,WEEK,w29,22436.0,22436.0,19776.0,19776.0,,,,,0.0,2660.0,0,RC
446,18,2,2,2026-07-20,WEEK,w30,19776.0,19776.0,17237.0,17237.0,,,,,0.0,2539.0,0,RC
447,18,2,2,2026-07-27,WEEK,w31,17237.0,25903.0,17237.0,23304.0,,,,,8666.0,2599.0,0,RC
448,18,2,2,2026-08-03,WEEK,w32,23304.0,23304.0,20757.0,20757.0,,,,,0.0,2547.0,0,RC
449,18,2,2,2026-08-10,WEEK,w33,20757.0,20757.0,18067.0,18067.0,,,,,0.0,2690.0,0,RC
450,18,2,2,2026-08-17,WEEK,w34,18067.0,26687.0,18067.0,23838.0,,,,,8620.0,2849.0,0,RC
451,18,2,2,2026-08-24,WEEK,w35,23838.0,23838.0,21015.0,21015.0,,,,,0.0,2823.0,0,RC
452,18,2,2,2026-08-31,WEEK,w36,21015.0,21015.0,18247.0,18247.0,,,,,0.0,2768.0,0,RC
453,18,2,2,2026-09-07,WEEK,w37,18247.0,27574.0,18247.0,24599.0,,,,,9327.0,2975.0,0,RC
454,18,2,2,2026-09-14,WEEK,w38,24599.0,24599.0,21666.0,21666.0,,,,,0.0,2933.0,0,RC
455,18,2,2,2026-09-21,WEEK,w39,21666.0,21666.0,18490.0,18490.0,,,,,0.0,3176.0,0,RC
456,18,2,2,2026-09-28,WEEK,w40,18490.0,27651.0,18490.0,24570.0,,,,,9161.0,3081.0,0,RC
457,18,2,2,2026-10-05,WEEK,w41,24570.0,24570.0,21363.0,21363.0,,,,,0.0,3207.0,0,RC
458,18,2,2,2026-10-12,WEEK,w42,21363.0,21363.0,18036.0,18036.0,,,,,0.0,3327.0,0,RC
459,18,2,2,2026-10-19,WEEK,w43,18036.0,29583.0,18036.0,26189.0,,,,,11547.0,3394.0,0,RC
460,18,2,2,2026-10-26,WEEK,w44,26189.0,26189.0,22890.0,22890.0,,,,,0.0,3299.0,0,RC
461,18,2,2,2026-11-02,WEEK,w45,22890.0,22890.0,19254.0,19254.0,,,,,0.0,3636.0,0,RC
462,18,2,2,2026-11-09,WEEK,w46,19254.0,29794.0,19254.0,26229.0,,,,,10540.0,3565.0,0,RC
463,18,2,2,2026-11-16,WEEK,w47,26229.0,26229.0,22470.0,22470.0,,,,,0.0,3759.0,0,RC
464,18,2,2,2026-11-23,WEEK,w48,22470.0,22470.0,18592.0,18592.0,,,,,0.0,3878.0,0,RC
465,18,2,2,2026-11-30,WEEK,w49,18592.0,26311.0,18592.0,23443.0,,,,,7719.0,2868.0,0,RC
466,18,2,2,2026-12-07,WEEK,w50,23443.0,23443.0,20631.0,20631.0,,,,,0.0,2812.0,0,RC
467,18,2,2,2026-12-14,WEEK,w51,20631.0,20631.0,17826.0,17826.0,,,,,0.0,2805.0,0,RC
468,18,2,2,2026-12-21,WEEK,w52,17826.0,24814.0,17826.0,22094.0,,,,,6988.0,2720.0,0,RC
469,12,2,2,2025-12-29,WEEK,w01,17045.0,31867.0,0.0,0.0,,,,,14822.0,4888.0,1,RC
470,12,2,2,2026-01-05,WEEK,w02,17045.0,17045.0,0.0,0.0,,,,,0.0,4906.0,1,RC
471,12,2,2,2026-01-12,WEEK,w03,17045.0,17045.0,0.0,0.0,,,,,0.0,4860.0,1,RC
472,12,2,2,2026-01-19,WEEK,w04,17045.0,29470.0,0.0,0.0,,,,,12425.0,4676.0,1,RC
473,12,2,2,2026-01-26,WEEK,w05,17045.0,17045.0,88.0,88.0,,,,,0.0,5299.0,0,RC
474,12,2,2,2026-02-02,WEEK,w06,17045.0,17045.0,3881.0,3881.0,,,,,0.0,5485.0,0,RC
475,12,2,2,2026-02-09,WEEK,w07,17045.0,30403.0,8301.0,8301.0,,,,,13358.0,5465.0,0,RC
476,12,2,2,2026-02-16,WEEK,w08,17045.0,17045.0,12975.0,12975.0,,,,,0.0,5087.0,0,RC
477,12,2,2,2026-02-23,WEEK,w09,17045.0,17045.0,11206.0,11206.0,13583.0,1494.0,461.0,3462.0,0.0,5839.0,0,RC
478,12,2,2,2026-03-02,WEEK,w10,32217.0,53445.0,26378.0,26378.0,,,,,21228.0,6056.0,0,RC
479,12,2,2,2026-03-09,WEEK,w11,47389.0,47389.0,41036.0,41036.0,,,,,0.0,6353.0,0,RC
480,12,2,2,2026-03-16,WEEK,w12,41036.0,41036.0,34391.0,34391.0,,,,,0.0,6645.0,0,RC
481,12,2,2,2026-03-23,WEEK,w13,34391.0,50087.0,34391.0,43756.0,,,,,15696.0,6331.0,0,RC
482,12,2,2,2026-03-30,WEEK,w14,43756.0,43756.0,37513.0,37513.0,,,,,0.0,6243.0,0,RC
483,12,2,2,2026-04-06,WEEK,w15,37513.0,37513.0,31103.0,31103.0,,,,,0.0,6410.0,0,RC
484,12,2,2,2026-04-13,WEEK,w16,31103.0,48546.0,31103.0,42434.0,,,,,17443.0,6112.0,0,RC
485,12,2,2,2026-04-20,WEEK,w17,42434.0,42434.0,36655.0,36655.0,,,,,0.0,5779.0,0,RC
486,12,2,2,2026-04-27,WEEK,w18,36655.0,36655.0,30853.0,30853.0,,,,,0.0,5802.0,0,RC
487,12,2,2,2026-05-04,WEEK,w19,30853.0,45012.0,30853.0,39488.0,,,,,14159.0,5524.0,0,RC
488,12,2,2,2026-05-11,WEEK,w20,39488.0,39488.0,34294.0,34294.0,,,,,0.0,5194.0,0,RC
489,12,2,2,2026-05-18,WEEK,w21,34294.0,34294.0,29228.0,29228.0,,,,,0.0,5066.0,0,RC
490,12,2,2,2026-05-25,WEEK,w22,29228.0,40267.0,29228.0,35492.0,,,,,11039.0,4775.0,0,RC
491,12,2,2,2026-06-01,WEEK,w23,35492.0,35492.0,30796.0,30796.0,,,,,0.0,4696.0,0,RC
492,12,2,2,2026-06-08,WEEK,w24,30796.0,30796.0,26283.0,26283.0,,,,,0.0,4513.0,0,RC
493,12,2,2,2026-06-15,WEEK,w25,26283.0,36406.0,26283.0,31996.0,,,,,10123.0,4410.0,0,RC
494,12,2,2,2026-06-22,WEEK,w26,31996.0,31996.0,27793.0,27793.0,,,,,0.0,4203.0,0,RC
495,12,2,2,2026-06-29,WEEK,w27,27793.0,27793.0,23486.0,23486.0,,,,,0.0,4307.0,0,RC
496,12,2,2,2026-07-06,WEEK,w28,23486.0,34330.0,23486.0,30180.0,,,,,10844.0,4150.0,0,RC
497,12,2,2,2026-07-13,WEEK,w29,30180.0,30180.0,25853.0,25853.0,,,,,0.0,4327.0,0,RC
498,12,2,2,2026-07-20,WEEK,w30,25853.0,25853.0,21357.0,21357.0,,,,,0.0,4496.0,0,RC
499,12,2,2,2026-07-27,WEEK,w31,21357.0,36267.0,21357.0,31627.0,,,,,14910.0,4640.0,0,RC
500,12,2,2,2026-08-03,WEEK,w32,31627.0,31627.0,27306.0,27306.0,,,,,0.0,4321.0,0,RC
501,12,2,2,2026-08-10,WEEK,w33,27306.0,27306.0,22782.0,22782.0,,,,,0.0,4524.0,0,RC
502,12,2,2,2026-08-17,WEEK,w34,22782.0,35196.0,22782.0,30379.0,,,,,12414.0,4817.0,0,RC
503,12,2,2,2026-08-24,WEEK,w35,30379.0,30379.0,25693.0,25693.0,,,,,0.0,4686.0,0,RC
504,12,2,2,2026-08-31,WEEK,w36,25693.0,25693.0,20872.0,20872.0,,,,,0.0,4821.0,0,RC
505,12,2,2,2026-09-07,WEEK,w37,20872.0,38212.0,20872.0,33078.0,,,,,17340.0,5134.0,0,RC
506,12,2,2,2026-09-14,WEEK,w38,33078.0,33078.0,27846.0,27846.0,,,,,0.0,5232.0,0,RC
507,12,2,2,2026-09-21,WEEK,w39,27846.0,27846.0,22698.0,22698.0,,,,,0.0,5148.0,0,RC
508,12,2,2,2026-09-28,WEEK,w40,22698.0,38527.0,22698.0,33308.0,,,,,15829.0,5219.0,0,RC
509,12,2,2,2026-10-05,WEEK,w41,33308.0,33308.0,27663.0,27663.0,,,,,0.0,5645.0,0,RC
510,12,2,2,2026-10-12,WEEK,w42,27663.0,27663.0,21974.0,21974.0,,,,,0.0,5689.0,0,RC
511,12,2,2,2026-10-19,WEEK,w43,21974.0,38240.0,21974.0,32708.0,,,,,16266.0,5532.0,0,RC
512,12,2,2,2026-10-26,WEEK,w44,32708.0,32708.0,26730.0,26730.0,,,,,0.0,5978.0,0,RC
513,12,2,2,2026-11-02,WEEK,w45,26730.0,26730.0,20814.0,20814.0,,,,,0.0,5916.0,0,RC
514,12,2,2,2026-11-09,WEEK,w46,20814.0,39510.0,20814.0,33147.0,,,,,18696.0,6363.0,0,RC
515,12,2,2,2026-11-16,WEEK,w47,33147.0,33147.0,26962.0,26962.0,,,,,0.0,6185.0,0,RC
516,12,2,2,2026-11-23,WEEK,w48,26962.0,26962.0,20245.0,20245.0,,,,,0.0,6717.0,0,RC
517,12,2,2,2026-11-30,WEEK,w49,20245.0,34261.0,20245.0,29512.0,,,,,14016.0,4749.0,0,RC
518,12,2,2,2026-12-07,WEEK,w50,29512.0,29512.0,24778.0,24778.0,,,,,0.0,4734.0,0,RC
519,12,2,2,2026-12-14,WEEK,w51,24778.0,24778.0,20113.0,20113.0,,,,,0.0,4665.0,0,RC
520,12,2,2,2026-12-21,WEEK,w52,20113.0,35524.0,20113.0,30799.0,,,,,15411.0,4725.0,0,RC
521,17,1,1,2025-12-29,WEEK,w01,12006.0,12006.0,0.0,0.0,,,,,0.0,3609.0,1,RC
522,17,1,1,2026-01-05,WEEK,w02,12006.0,22508.0,0.0,0.0,,,,,10502.0,3529.0,1,RC
523,17,1,1,2026-01-12,WEEK,w03,12006.0,12006.0,0.0,0.0,,,,,0.0,3591.0,1,RC
524,17,1,1,2026-01-19,WEEK,w04,12006.0,12006.0,0.0,0.0,,,,,0.0,3636.0,1,RC
525,17,1,1,2026-01-26,WEEK,w05,12006.0,25260.0,0.0,0.0,,,,,13254.0,3785.0,1,RC
526,17,1,1,2026-02-02,WEEK,w06,12006.0,12006.0,2425.0,2425.0,,,,,0.0,3992.0,0,RC
527,17,1,1,2026-02-09,WEEK,w07,12006.0,12006.0,5900.0,5900.0,,,,,0.0,3816.0,0,RC
528,17,1,1,2026-02-16,WEEK,w08,12006.0,21057.0,8954.0,8954.0,,,,,9051.0,3815.0,0,RC
529,17,1,1,2026-02-23,WEEK,w09,12006.0,12006.0,7687.0,7687.0,8771.0,616.0,378.0,3235.0,0.0,4319.0,0,RC
530,17,1,1,2026-03-02,WEEK,w10,7441.0,7441.0,3122.0,3122.0,,,,,0.0,4565.0,0,RC
531,17,1,1,2026-03-09,WEEK,w11,2876.0,14790.0,2876.0,10366.0,,,,,11914.0,4424.0,0,RC
532,17,1,1,2026-03-16,WEEK,w12,10366.0,10366.0,5621.0,5621.0,,,,,0.0,4745.0,0,RC
533,17,1,1,2026-03-23,WEEK,w13,5621.0,5621.0,880.0,880.0,,,,,0.0,4741.0,0,RC
534,17,1,1,2026-03-30,WEEK,w14,880.0,14629.0,880.0,9984.0,,,,,13749.0,4645.0,0,RC
535,17,1,1,2026-04-06,WEEK,w15,9984.0,9984.0,5313.0,5313.0,,,,,0.0,4671.0,0,RC
536,17,1,1,2026-04-13,WEEK,w16,5313.0,5313.0,959.0,959.0,,,,,0.0,4354.0,0,RC
537,17,1,1,2026-04-20,WEEK,w17,959.0,12114.0,959.0,7980.0,,,,,11155.0,4134.0,0,RC
538,17,1,1,2026-04-27,WEEK,w18,7980.0,7980.0,3861.0,3861.0,,,,,0.0,4119.0,0,RC
539,17,1,1,2026-05-04,WEEK,w19,3861.0,3861.0,0.0,0.0,,,,,0.0,3927.0,1,RC
540,17,1,1,2026-05-11,WEEK,w20,0.0,12156.0,0.0,8442.0,,,,,12156.0,3714.0,0,RC
541,17,1,1,2026-05-18,WEEK,w21,8442.0,8442.0,4813.0,4813.0,,,,,0.0,3629.0,0,RC
542,17,1,1,2026-05-25,WEEK,w22,4813.0,4813.0,1446.0,1446.0,,,,,0.0,3367.0,0,RC
543,17,1,1,2026-06-01,WEEK,w23,1446.0,12122.0,1446.0,8673.0,,,,,10676.0,3449.0,0,RC
544,17,1,1,2026-06-08,WEEK,w24,8673.0,8673.0,5403.0,5403.0,,,,,0.0,3270.0,0,RC
545,17,1,1,2026-06-15,WEEK,w25,5403.0,5403.0,2291.0,2291.0,,,,,0.0,3112.0,0,RC
546,17,1,1,2026-06-22,WEEK,w26,2291.0,9924.0,2291.0,6754.0,,,,,7633.0,3170.0,0,RC
547,17,1,1,2026-06-29,WEEK,w27,6754.0,6754.0,3695.0,3695.0,,,,,0.0,3059.0,0,RC
548,17,1,1,2026-07-06,WEEK,w28,3695.0,3695.0,559.0,559.0,,,,,0.0,3136.0,0,RC
549,17,1,1,2026-07-13,WEEK,w29,559.0,9951.0,559.0,6698.0,,,,,9392.0,3253.0,0,RC
550,17,1,1,2026-07-20,WEEK,w30,6698.0,6698.0,3481.0,3481.0,,,,,0.0,3217.0,0,RC
551,17,1,1,2026-07-27,WEEK,w31,3481.0,3481.0,252.0,252.0,,,,,0.0,3229.0,0,RC
552,17,1,1,2026-08-03,WEEK,w32,252.0,9726.0,252.0,6342.0,,,,,9474.0,3384.0,0,RC
553,17,1,1,2026-08-10,WEEK,w33,6342.0,6342.0,2916.0,2916.0,,,,,0.0,3426.0,0,RC
554,17,1,1,2026-08-17,WEEK,w34,2916.0,2916.0,0.0,0.0,,,,,0.0,3464.0,1,RC
555,17,1,1,2026-08-24,WEEK,w35,0.0,9601.0,0.0,6082.0,,,,,9601.0,3519.0,0,RC
556,17,1,1,2026-08-31,WEEK,w36,6082.0,6082.0,2548.0,2548.0,,,,,0.0,3534.0,0,RC
557,17,1,1,2026-09-07,WEEK,w37,2548.0,2548.0,0.0,0.0,,,,,0.0,3587.0,1,RC
558,17,1,1,2026-09-14,WEEK,w38,0.0,12926.0,0.0,9178.0,,,,,12926.0,3748.0,0,RC
559,17,1,1,2026-09-21,WEEK,w39,9178.0,9178.0,5470.0,5470.0,,,,,0.0,3708.0,0,RC
560,17,1,1,2026-09-28,WEEK,w40,5470.0,5470.0,1628.0,1628.0,,,,,0.0,3842.0,0,RC
561,17,1,1,2026-10-05,WEEK,w41,1628.0,14882.0,1628.0,10843.0,,,,,13254.0,4039.0,0,RC
562,17,1,1,2026-10-12,WEEK,w42,10843.0,10843.0,6803.0,6803.0,,,,,0.0,4040.0,0,RC
563,17,1,1,2026-10-19,WEEK,w43,6803.0,6803.0,2447.0,2447.0,,,,,0.0,4356.0,0,RC
564,17,1,1,2026-10-26,WEEK,w44,2447.0,15841.0,2447.0,11431.0,,,,,13394.0,4410.0,0,RC
565,17,1,1,2026-11-02,WEEK,w45,11431.0,11431.0,6871.0,6871.0,,,,,0.0,4560.0,0,RC
566,17,1,1,2026-11-09,WEEK,w46,6871.0,6871.0,2309.0,2309.0,,,,,0.0,4562.0,0,RC
567,17,1,1,2026-11-16,WEEK,w47,2309.0,16895.0,2309.0,12138.0,,,,,14586.0,4757.0,0,RC
568,17,1,1,2026-11-23,WEEK,w48,12138.0,12138.0,7553.0,7553.0,,,,,0.0,4585.0,0,RC
569,17,1,1,2026-11-30,WEEK,w49,7553.0,7553.0,3972.0,3972.0,,,,,0.0,3581.0,0,RC
570,17,1,1,2026-12-07,WEEK,w50,3972.0,13961.0,3972.0,10566.0,,,,,9989.0,3395.0,0,RC
571,17,1,1,2026-12-14,WEEK,w51,10566.0,10566.0,6984.0,6984.0,,,,,0.0,3582.0,0,RC
572,17,1,1,2026-12-21,WEEK,w52,6984.0,6984.0,3547.0,3547.0,,,,,0.0,3437.0,0,RC
573,11,2,2,2025-12-29,WEEK,w01,13318.0,13318.0,0.0,0.0,,,,,0.0,3595.0,1,RC
574,11,2,2,2026-01-05,WEEK,w02,13318.0,22846.0,0.0,0.0,,,,,9528.0,3462.0,1,RC
575,11,2,2,2026-01-12,WEEK,w03,13318.0,13318.0,0.0,0.0,,,,,0.0,3531.0,1,RC
576,11,2,2,2026-01-19,WEEK,w04,13318.0,13318.0,0.0,0.0,,,,,0.0,3675.0,1,RC
577,11,2,2,2026-01-26,WEEK,w05,13318.0,24317.0,1014.0,1014.0,,,,,10999.0,3845.0,0,RC
578,11,2,2,2026-02-02,WEEK,w06,13318.0,13318.0,3788.0,3788.0,,,,,0.0,3971.0,0,RC
579,11,2,2,2026-02-09,WEEK,w07,13318.0,13318.0,7126.0,7126.0,,,,,0.0,3870.0,0,RC
580,11,2,2,2026-02-16,WEEK,w08,13318.0,26796.0,10274.0,10274.0,,,,,13478.0,3805.0,0,RC
581,11,2,2,2026-02-23,WEEK,w09,13318.0,13318.0,8911.0,8911.0,9531.0,655.0,27.0,3787.0,0.0,4407.0,0,RC
582,11,2,2,2026-03-02,WEEK,w10,8460.0,8460.0,4053.0,4053.0,,,,,0.0,4858.0,0,RC
583,11,2,2,2026-03-09,WEEK,w11,3602.0,19944.0,3602.0,15151.0,,,,,16342.0,4793.0,0,RC
584,11,2,2,2026-03-16,WEEK,w12,15151.0,15151.0,10112.0,10112.0,,,,,0.0,5039.0,0,RC
585,11,2,2,2026-03-23,WEEK,w13,10112.0,10112.0,5257.0,5257.0,,,,,0.0,4855.0,0,RC
586,11,2,2,2026-03-30,WEEK,w14,5257.0,16273.0,5257.0,11739.0,,,,,11016.0,4534.0,0,RC
587,11,2,2,2026-04-06,WEEK,w15,11739.0,11739.0,7041.0,7041.0,,,,,0.0,4698.0,0,RC
588,11,2,2,2026-04-13,WEEK,w16,7041.0,7041.0,2557.0,2557.0,,,,,0.0,4484.0,0,RC
589,11,2,2,2026-04-20,WEEK,w17,2557.0,16438.0,2557.0,11999.0,,,,,13881.0,4439.0,0,RC
590,11,2,2,2026-04-27,WEEK,w18,11999.0,11999.0,7818.0,7818.0,,,,,0.0,4181.0,0,RC
591,11,2,2,2026-05-04,WEEK,w19,7818.0,7818.0,3682.0,3682.0,,,,,0.0,4136.0,0,RC
592,11,2,2,2026-05-11,WEEK,w20,3682.0,14556.0,3682.0,10707.0,,,,,10874.0,3849.0,0,RC
593,11,2,2,2026-05-18,WEEK,w21,10707.0,10707.0,6980.0,6980.0,,,,,0.0,3727.0,0,RC
594,11,2,2,2026-05-25,WEEK,w22,6980.0,6980.0,3385.0,3385.0,,,,,0.0,3595.0,0,RC
595,11,2,2,2026-06-01,WEEK,w23,3385.0,12862.0,3385.0,9449.0,,,,,9477.0,3413.0,0,RC
596,11,2,2,2026-06-08,WEEK,w24,9449.0,9449.0,6134.0,6134.0,,,,,0.0,3315.0,0,RC
597,11,2,2,2026-06-15,WEEK,w25,6134.0,6134.0,2921.0,2921.0,,,,,0.0,3213.0,0,RC
598,11,2,2,2026-06-22,WEEK,w26,2921.0,13306.0,2921.0,10077.0,,,,,10385.0,3229.0,0,RC
599,11,2,2,2026-06-29,WEEK,w27,10077.0,10077.0,6763.0,6763.0,,,,,0.0,3314.0,0,RC
600,11,2,2,2026-07-06,WEEK,w28,6763.0,6763.0,3421.0,3421.0,,,,,0.0,3342.0,0,RC
601,11,2,2,2026-07-13,WEEK,w29,3421.0,14689.0,3421.0,11256.0,,,,,11268.0,3433.0,0,RC
602,11,2,2,2026-07-20,WEEK,w30,11256.0,11256.0,7868.0,7868.0,,,,,0.0,3388.0,0,RC
603,11,2,2,2026-07-27,WEEK,w31,7868.0,7868.0,4569.0,4569.0,,,,,0.0,3299.0,0,RC
604,11,2,2,2026-08-03,WEEK,w32,4569.0,16090.0,4569.0,12692.0,,,,,11521.0,3398.0,0,RC
605,11,2,2,2026-08-10,WEEK,w33,12692.0,12692.0,9289.0,9289.0,,,,,0.0,3403.0,0,RC
606,11,2,2,2026-08-17,WEEK,w34,9289.0,9289.0,5830.0,5830.0,,,,,0.0,3459.0,0,RC
607,11,2,2,2026-08-24,WEEK,w35,5830.0,16603.0,5830.0,12905.0,,,,,10773.0,3698.0,0,RC
608,11,2,2,2026-08-31,WEEK,w36,12905.0,12905.0,9438.0,9438.0,,,,,0.0,3467.0,0,RC
609,11,2,2,2026-09-07,WEEK,w37,9438.0,9438.0,5537.0,5537.0,,,,,0.0,3901.0,0,RC
610,11,2,2,2026-09-14,WEEK,w38,5537.0,16146.0,5537.0,12270.0,,,,,10609.0,3876.0,0,RC
611,11,2,2,2026-09-21,WEEK,w39,12270.0,12270.0,8267.0,8267.0,,,,,0.0,4003.0,0,RC
612,11,2,2,2026-09-28,WEEK,w40,8267.0,8267.0,4257.0,4257.0,,,,,0.0,4010.0,0,RC
613,11,2,2,2026-10-05,WEEK,w41,4257.0,17692.0,4257.0,13421.0,,,,,13435.0,4271.0,0,RC
614,11,2,2,2026-10-12,WEEK,w42,13421.0,13421.0,9127.0,9127.0,,,,,0.0,4294.0,0,RC
615,11,2,2,2026-10-19,WEEK,w43,9127.0,9127.0,4768.0,4768.0,,,,,0.0,4359.0,0,RC
616,11,2,2,2026-10-26,WEEK,w44,4768.0,16192.0,4768.0,11952.0,,,,,11424.0,4240.0,0,RC
617,11,2,2,2026-11-02,WEEK,w45,11952.0,11952.0,7337.0,7337.0,,,,,0.0,4615.0,0,RC
618,11,2,2,2026-11-09,WEEK,w46,7337.0,7337.0,2788.0,2788.0,,,,,0.0,4549.0,0,RC
619,11,2,2,2026-11-16,WEEK,w47,2788.0,16934.0,2788.0,12092.0,,,,,14146.0,4842.0,0,RC
620,11,2,2,2026-11-23,WEEK,w48,12092.0,12092.0,7227.0,7227.0,,,,,0.0,4865.0,0,RC
621,11,2,2,2026-11-30,WEEK,w49,7227.0,7227.0,3575.0,3575.0,,,,,0.0,3652.0,0,RC
622,11,2,2,2026-12-07,WEEK,w50,3575.0,13404.0,3575.0,9936.0,,,,,9829.0,3468.0,0,RC
623,11,2,2,2026-12-14,WEEK,w51,9936.0,9936.0,6456.0,6456.0,,,,,0.0,3480.0,0,RC
624,11,2,2,2026-12-21,WEEK,w52,6456.0,6456.0,2794.0,2794.0,,,,,0.0,3662.0,0,RC
625,6,1,1,2025-12-29,WEEK,w01,26098.0,41575.0,0.0,0.0,,,,,15477.0,6694.0,1,RC
626,6,1,1,2026-01-05,WEEK,w02,26098.0,26098.0,0.0,0.0,,,,,0.0,6621.0,1,RC
627,6,1,1,2026-01-12,WEEK,w03,26098.0,26098.0,0.0,0.0,,,,,0.0,6659.0,1,RC
628,6,1,1,2026-01-19,WEEK,w04,26098.0,47291.0,0.0,0.0,,,,,21193.0,6583.0,1,RC
629,6,1,1,2026-01-26,WEEK,w05,26098.0,26098.0,2866.0,2866.0,,,,,0.0,7260.0,0,RC
630,6,1,1,2026-02-02,WEEK,w06,26098.0,26098.0,8458.0,8458.0,,,,,0.0,7350.0,0,RC
631,6,1,1,2026-02-09,WEEK,w07,26098.0,44548.0,14887.0,14887.0,,,,,18450.0,7007.0,0,RC
632,6,1,1,2026-02-16,WEEK,w08,26098.0,26098.0,20383.0,20383.0,,,,,0.0,7144.0,0,RC
633,6,1,1,2026-02-23,WEEK,w09,26098.0,26098.0,18154.0,18154.0,17874.0,1461.0,441.0,8224.0,0.0,7944.0,0,RC
634,6,1,1,2026-03-02,WEEK,w10,42229.0,67140.0,34285.0,34285.0,,,,,24911.0,8780.0,0,RC
635,6,1,1,2026-03-09,WEEK,w11,58360.0,58360.0,49610.0,49610.0,,,,,0.0,8750.0,0,RC
636,6,1,1,2026-03-16,WEEK,w12,49610.0,49610.0,41158.0,41158.0,,,,,0.0,8452.0,0,RC
637,6,1,1,2026-03-23,WEEK,w13,41158.0,70608.0,41158.0,61689.0,,,,,29450.0,8919.0,0,RC
638,6,1,1,2026-03-30,WEEK,w14,61689.0,61689.0,52952.0,52952.0,,,,,0.0,8737.0,0,RC
639,6,1,1,2026-04-06,WEEK,w15,52952.0,52952.0,44718.0,44718.0,,,,,0.0,8234.0,0,RC
640,6,1,1,2026-04-13,WEEK,w16,44718.0,69752.0,44718.0,61583.0,,,,,25034.0,8169.0,0,RC
641,6,1,1,2026-04-20,WEEK,w17,61583.0,61583.0,53524.0,53524.0,,,,,0.0,8059.0,0,RC
642,6,1,1,2026-04-27,WEEK,w18,53524.0,53524.0,46015.0,46015.0,,,,,0.0,7509.0,0,RC
643,6,1,1,2026-05-04,WEEK,w19,46015.0,67988.0,46015.0,60395.0,,,,,21973.0,7593.0,0,RC
644,6,1,1,2026-05-11,WEEK,w20,60395.0,60395.0,53361.0,53361.0,,,,,0.0,7034.0,0,RC
645,6,1,1,2026-05-18,WEEK,w21,53361.0,53361.0,46304.0,46304.0,,,,,0.0,7057.0,0,RC
646,6,1,1,2026-05-25,WEEK,w22,46304.0,63434.0,46304.0,56824.0,,,,,17130.0,6610.0,0,RC
647,6,1,1,2026-06-01,WEEK,w23,56824.0,56824.0,50430.0,50430.0,,,,,0.0,6394.0,0,RC
648,6,1,1,2026-06-08,WEEK,w24,50430.0,50430.0,44397.0,44397.0,,,,,0.0,6033.0,0,RC
649,6,1,1,2026-06-15,WEEK,w25,44397.0,60190.0,44397.0,54171.0,,,,,15793.0,6019.0,0,RC
650,6,1,1,2026-06-22,WEEK,w26,54171.0,54171.0,48160.0,48160.0,,,,,0.0,6011.0,0,RC
651,6,1,1,2026-06-29,WEEK,w27,48160.0,48160.0,42395.0,42395.0,,,,,0.0,5765.0,0,RC
652,6,1,1,2026-07-06,WEEK,w28,42395.0,60550.0,42395.0,54546.0,,,,,18155.0,6004.0,0,RC
653,6,1,1,2026-07-13,WEEK,w29,54546.0,54546.0,48787.0,48787.0,,,,,0.0,5759.0,0,RC
654,6,1,1,2026-07-20,WEEK,w30,48787.0,48787.0,42761.0,42761.0,,,,,0.0,6026.0,0,RC
655,6,1,1,2026-07-27,WEEK,w31,42761.0,63876.0,42761.0,57962.0,,,,,21115.0,5914.0,0,RC
656,6,1,1,2026-08-03,WEEK,w32,57962.0,57962.0,52100.0,52100.0,,,,,0.0,5862.0,0,RC
657,6,1,1,2026-08-10,WEEK,w33,52100.0,52100.0,46134.0,46134.0,,,,,0.0,5966.0,0,RC
658,6,1,1,2026-08-17,WEEK,w34,46134.0,65844.0,46134.0,59374.0,,,,,19710.0,6470.0,0,RC
659,6,1,1,2026-08-24,WEEK,w35,59374.0,59374.0,52957.0,52957.0,,,,,0.0,6417.0,0,RC
660,6,1,1,2026-08-31,WEEK,w36,52957.0,52957.0,46340.0,46340.0,,,,,0.0,6617.0,0,RC
661,6,1,1,2026-09-07,WEEK,w37,46340.0,66606.0,46340.0,60018.0,,,,,20266.0,6588.0,0,RC
662,6,1,1,2026-09-14,WEEK,w38,60018.0,60018.0,53102.0,53102.0,,,,,0.0,6916.0,0,RC
663,6,1,1,2026-09-21,WEEK,w39,53102.0,53102.0,45929.0,45929.0,,,,,0.0,7173.0,0,RC
664,6,1,1,2026-09-28,WEEK,w40,45929.0,68643.0,45929.0,61327.0,,,,,22714.0,7316.0,0,RC
665,6,1,1,2026-10-05,WEEK,w41,61327.0,61327.0,53960.0,53960.0,,,,,0.0,7367.0,0,RC
666,6,1,1,2026-10-12,WEEK,w42,53960.0,53960.0,46213.0,46213.0,,,,,0.0,7747.0,0,RC
667,6,1,1,2026-10-19,WEEK,w43,46213.0,68507.0,46213.0,60466.0,,,,,22294.0,8041.0,0,RC
668,6,1,1,2026-10-26,WEEK,w44,60466.0,60466.0,52462.0,52462.0,,,,,0.0,8004.0,0,RC
669,6,1,1,2026-11-02,WEEK,w45,52462.0,52462.0,44320.0,44320.0,,,,,0.0,8142.0,0,RC
670,6,1,1,2026-11-09,WEEK,w46,44320.0,64365.0,44320.0,56237.0,,,,,20045.0,8128.0,0,RC
671,6,1,1,2026-11-16,WEEK,w47,56237.0,56237.0,47403.0,47403.0,,,,,0.0,8834.0,0,RC
672,6,1,1,2026-11-23,WEEK,w48,47403.0,47403.0,38964.0,38964.0,,,,,0.0,8439.0,0,RC
673,6,1,1,2026-11-30,WEEK,w49,38964.0,58300.0,38964.0,51605.0,,,,,19336.0,6695.0,0,RC
674,6,1,1,2026-12-07,WEEK,w50,51605.0,51605.0,45090.0,45090.0,,,,,0.0,6515.0,0,RC
675,6,1,1,2026-12-14,WEEK,w51,45090.0,45090.0,38362.0,38362.0,,,,,0.0,6728.0,0,RC
676,6,1,1,2026-12-21,WEEK,w52,38362.0,60781.0,38362.0,54126.0,,,,,22419.0,6655.0,0,RC
677,7,1,1,2025-12-29,WEEK,w01,19530.0,19530.0,0.0,0.0,,,,,0.0,5030.0,1,RC
678,7,1,1,2026-01-05,WEEK,w02,19530.0,19530.0,0.0,0.0,,,,,0.0,5357.0,1,RC
679,7,1,1,2026-01-12,WEEK,w03,19530.0,32584.0,0.0,0.0,,,,,13054.0,5102.0,1,RC
680,7,1,1,2026-01-19,WEEK,w04,19530.0,19530.0,0.0,0.0,,,,,0.0,5046.0,1,RC
681,7,1,1,2026-01-26,WEEK,w05,19530.0,19530.0,656.0,656.0,,,,,0.0,5898.0,0,RC
682,7,1,1,2026-02-02,WEEK,w06,19530.0,37422.0,5300.0,5300.0,,,,,17892.0,5929.0,0,RC
683,7,1,1,2026-02-09,WEEK,w07,19530.0,19530.0,10112.0,10112.0,,,,,0.0,5886.0,0,RC
684,7,1,1,2026-02-16,WEEK,w08,19530.0,19530.0,14840.0,14840.0,,,,,0.0,5862.0,0,RC
685,7,1,1,2026-02-23,WEEK,w09,19530.0,36047.0,19530.0,29466.0,13927.0,1085.0,385.0,5603.0,16517.0,6581.0,0,RC
686,7,1,1,2026-03-02,WEEK,w10,12742.0,22678.0,12742.0,22678.0,,,,,0.0,6788.0,0,RC
687,7,1,1,2026-03-09,WEEK,w11,5954.0,5954.0,0.0,0.0,,,,,0.0,6537.0,1,RC
688,7,1,1,2026-03-16,WEEK,w12,0.0,20660.0,0.0,13691.0,,,,,20660.0,6969.0,0,RC
689,7,1,1,2026-03-23,WEEK,w13,13691.0,13691.0,6742.0,6742.0,,,,,0.0,6949.0,0,RC
690,7,1,1,2026-03-30,WEEK,w14,6742.0,6742.0,112.0,112.0,,,,,0.0,6630.0,0,RC
691,7,1,1,2026-04-06,WEEK,w15,112.0,16444.0,112.0,9563.0,,,,,16332.0,6881.0,0,RC
692,7,1,1,2026-04-13,WEEK,w16,9563.0,9563.0,3065.0,3065.0,,,,,0.0,6498.0,0,RC
693,7,1,1,2026-04-20,WEEK,w17,3065.0,3065.0,0.0,0.0,,,,,0.0,6031.0,1,RC
694,7,1,1,2026-04-27,WEEK,w18,0.0,17724.0,0.0,11624.0,,,,,17724.0,6100.0,0,RC
695,7,1,1,2026-05-04,WEEK,w19,11624.0,11624.0,5556.0,5556.0,,,,,0.0,6068.0,0,RC
696,7,1,1,2026-05-11,WEEK,w20,5556.0,5556.0,30.0,30.0,,,,,0.0,5526.0,0,RC
697,7,1,1,2026-05-18,WEEK,w21,30.0,17542.0,30.0,11929.0,,,,,17512.0,5613.0,0,RC
698,7,1,1,2026-05-25,WEEK,w22,11929.0,11929.0,6835.0,6835.0,,,,,0.0,5094.0,0,RC
699,7,1,1,2026-06-01,WEEK,w23,6835.0,6835.0,1903.0,1903.0,,,,,0.0,4932.0,0,RC
700,7,1,1,2026-06-08,WEEK,w24,1903.0,15043.0,1903.0,10171.0,,,,,13140.0,4872.0,0,RC
701,7,1,1,2026-06-15,WEEK,w25,10171.0,10171.0,5369.0,5369.0,,,,,0.0,4802.0,0,RC
702,7,1,1,2026-06-22,WEEK,w26,5369.0,5369.0,746.0,746.0,,,,,0.0,4623.0,0,RC
703,7,1,1,2026-06-29,WEEK,w27,746.0,15244.0,746.0,10497.0,,,,,14498.0,4747.0,0,RC
704,7,1,1,2026-07-06,WEEK,w28,10497.0,10497.0,5792.0,5792.0,,,,,0.0,4705.0,0,RC
705,7,1,1,2026-07-13,WEEK,w29,5792.0,5792.0,1097.0,1097.0,,,,,0.0,4695.0,0,RC
706,7,1,1,2026-07-20,WEEK,w30,1097.0,16667.0,1097.0,11738.0,,,,,15570.0,4929.0,0,RC
707,7,1,1,2026-07-27,WEEK,w31,11738.0,11738.0,6787.0,6787.0,,,,,0.0,4951.0,0,RC
708,7,1,1,2026-08-03,WEEK,w32,6787.0,6787.0,1890.0,1890.0,,,,,0.0,4897.0,0,RC
709,7,1,1,2026-08-10,WEEK,w33,1890.0,18748.0,1890.0,13669.0,,,,,16858.0,5079.0,0,RC
710,7,1,1,2026-08-17,WEEK,w34,13669.0,13669.0,8423.0,8423.0,,,,,0.0,5246.0,0,RC
711,7,1,1,2026-08-24,WEEK,w35,8423.0,8423.0,3136.0,3136.0,,,,,0.0,5287.0,0,RC
712,7,1,1,2026-08-31,WEEK,w36,3136.0,16560.0,3136.0,11220.0,,,,,13424.0,5340.0,0,RC
713,7,1,1,2026-09-07,WEEK,w37,11220.0,11220.0,5674.0,5674.0,,,,,0.0,5546.0,0,RC
714,7,1,1,2026-09-14,WEEK,w38,5674.0,5674.0,0.0,0.0,,,,,0.0,5697.0,1,RC
715,7,1,1,2026-09-21,WEEK,w39,0.0,15897.0,0.0,10123.0,,,,,15897.0,5774.0,0,RC
716,7,1,1,2026-09-28,WEEK,w40,10123.0,10123.0,4287.0,4287.0,,,,,0.0,5836.0,0,RC
717,7,1,1,2026-10-05,WEEK,w41,4287.0,4287.0,0.0,0.0,,,,,0.0,5817.0,1,RC
718,7,1,1,2026-10-12,WEEK,w42,0.0,15235.0,0.0,8912.0,,,,,15235.0,6323.0,0,RC
719,7,1,1,2026-10-19,WEEK,w43,8912.0,8912.0,2486.0,2486.0,,,,,0.0,6426.0,0,RC
720,7,1,1,2026-10-26,WEEK,w44,2486.0,2486.0,0.0,0.0,,,,,0.0,6105.0,1,RC
721,7,1,1,2026-11-02,WEEK,w45,0.0,23236.0,0.0,16407.0,,,,,23236.0,6829.0,0,RC
722,7,1,1,2026-11-09,WEEK,w46,16407.0,16407.0,9848.0,9848.0,,,,,0.0,6559.0,0,RC
723,7,1,1,2026-11-16,WEEK,w47,9848.0,9848.0,3075.0,3075.0,,,,,0.0,6773.0,0,RC
724,7,1,1,2026-11-23,WEEK,w48,3075.0,27030.0,3075.0,19873.0,,,,,23955.0,7157.0,0,RC
725,7,1,1,2026-11-30,WEEK,w49,19873.0,19873.0,14814.0,14814.0,,,,,0.0,5059.0,0,RC
726,7,1,1,2026-12-07,WEEK,w50,14814.0,14814.0,9482.0,9482.0,,,,,0.0,5332.0,0,RC
727,7,1,1,2026-12-14,WEEK,w51,9482.0,24811.0,9482.0,19473.0,,,,,15329.0,5338.0,0,RC
728,7,1,1,2026-12-21,WEEK,w52,19473.0,19473.0,14270.0,14270.0,,,,,0.0,5203.0,0,RC
729,9,2,2,2025-12-29,WEEK,w01,19374.0,33534.0,0.0,0.0,,,,,14160.0,5199.0,1,RC
730,9,2,2,2026-01-05,WEEK,w02,19374.0,19374.0,0.0,0.0,,,,,0.0,5070.0,1,RC
731,9,2,2,2026-01-12,WEEK,w03,19374.0,19374.0,0.0,0.0,,,,,0.0,5037.0,1,RC
732,9,2,2,2026-01-19,WEEK,w04,19374.0,33841.0,0.0,0.0,,,,,14467.0,5047.0,1,RC
733,9,2,2,2026-01-26,WEEK,w05,19374.0,19374.0,721.0,721.0,,,,,0.0,5829.0,0,RC
734,9,2,2,2026-02-02,WEEK,w06,19374.0,19374.0,6404.0,6404.0,,,,,0.0,5404.0,0,RC
735,9,2,2,2026-02-09,WEEK,w07,19374.0,36320.0,10134.0,10134.0,,,,,16946.0,5775.0,0,RC
736,9,2,2,2026-02-16,WEEK,w08,19374.0,19374.0,14858.0,14858.0,,,,,0.0,5645.0,0,RC
737,9,2,2,2026-02-23,WEEK,w09,19374.0,19374.0,13030.0,13030.0,13978.0,1500.0,126.0,5396.0,0.0,6344.0,0,RC
738,9,2,2,2026-03-02,WEEK,w10,31977.0,51329.0,25633.0,25633.0,,,,,19352.0,6749.0,0,RC
739,9,2,2,2026-03-09,WEEK,w11,44580.0,44580.0,37957.0,37957.0,,,,,0.0,6623.0,0,RC
740,9,2,2,2026-03-16,WEEK,w12,37957.0,37957.0,30866.0,30866.0,,,,,0.0,7091.0,0,RC
741,9,2,2,2026-03-23,WEEK,w13,30866.0,54298.0,30866.0,47192.0,,,,,23432.0,7106.0,0,RC
742,9,2,2,2026-03-30,WEEK,w14,47192.0,47192.0,40604.0,40604.0,,,,,0.0,6588.0,0,RC
743,9,2,2,2026-04-06,WEEK,w15,40604.0,40604.0,34092.0,34092.0,,,,,0.0,6512.0,0,RC
744,9,2,2,2026-04-13,WEEK,w16,34092.0,52556.0,34092.0,46134.0,,,,,18464.0,6422.0,0,RC
745,9,2,2,2026-04-20,WEEK,w17,46134.0,46134.0,39812.0,39812.0,,,,,0.0,6322.0,0,RC
746,9,2,2,2026-04-27,WEEK,w18,39812.0,39812.0,33834.0,33834.0,,,,,0.0,5978.0,0,RC
747,9,2,2,2026-05-04,WEEK,w19,33834.0,54306.0,33834.0,48383.0,,,,,20472.0,5923.0,0,RC
748,9,2,2,2026-05-11,WEEK,w20,48383.0,48383.0,42714.0,42714.0,,,,,0.0,5669.0,0,RC
749,9,2,2,2026-05-18,WEEK,w21,42714.0,42714.0,37259.0,37259.0,,,,,0.0,5455.0,0,RC
750,9,2,2,2026-05-25,WEEK,w22,37259.0,53861.0,37259.0,49010.0,,,,,16602.0,4851.0,0,RC
751,9,2,2,2026-06-01,WEEK,w23,49010.0,49010.0,44081.0,44081.0,,,,,0.0,4929.0,0,RC
752,9,2,2,2026-06-08,WEEK,w24,44081.0,44081.0,39183.0,39183.0,,,,,0.0,4898.0,0,RC
753,9,2,2,2026-06-15,WEEK,w25,39183.0,50888.0,39183.0,46416.0,,,,,11705.0,4472.0,0,RC
754,9,2,2,2026-06-22,WEEK,w26,46416.0,46416.0,41922.0,41922.0,,,,,0.0,4494.0,0,RC
755,9,2,2,2026-06-29,WEEK,w27,41922.0,41922.0,37159.0,37159.0,,,,,0.0,4763.0,0,RC
756,9,2,2,2026-07-06,WEEK,w28,37159.0,52842.0,37159.0,48369.0,,,,,15683.0,4473.0,0,RC
757,9,2,2,2026-07-13,WEEK,w29,48369.0,48369.0,43544.0,43544.0,,,,,0.0,4825.0,0,RC
758,9,2,2,2026-07-20,WEEK,w30,43544.0,43544.0,38855.0,38855.0,,,,,0.0,4689.0,0,RC
759,9,2,2,2026-07-27,WEEK,w31,38855.0,50426.0,38855.0,45779.0,,,,,11571.0,4647.0,0,RC
760,9,2,2,2026-08-03,WEEK,w32,45779.0,45779.0,40895.0,40895.0,,,,,0.0,4884.0,0,RC
761,9,2,2,2026-08-10,WEEK,w33,40895.0,40895.0,36071.0,36071.0,,,,,0.0,4824.0,0,RC
762,9,2,2,2026-08-17,WEEK,w34,36071.0,52469.0,36071.0,47465.0,,,,,16398.0,5004.0,0,RC
763,9,2,2,2026-08-24,WEEK,w35,47465.0,47465.0,42422.0,42422.0,,,,,0.0,5043.0,0,RC
764,9,2,2,2026-08-31,WEEK,w36,42422.0,42422.0,37284.0,37284.0,,,,,0.0,5138.0,0,RC
765,9,2,2,2026-09-07,WEEK,w37,37284.0,52046.0,37284.0,46835.0,,,,,14762.0,5211.0,0,RC
766,9,2,2,2026-09-14,WEEK,w38,46835.0,46835.0,41375.0,41375.0,,,,,0.0,5460.0,0,RC
767,9,2,2,2026-09-21,WEEK,w39,41375.0,41375.0,35554.0,35554.0,,,,,0.0,5821.0,0,RC
768,9,2,2,2026-09-28,WEEK,w40,35554.0,54368.0,35554.0,48867.0,,,,,18814.0,5501.0,0,RC
769,9,2,2,2026-10-05,WEEK,w41,48867.0,48867.0,42928.0,42928.0,,,,,0.0,5939.0,0,RC
770,9,2,2,2026-10-12,WEEK,w42,42928.0,42928.0,36994.0,36994.0,,,,,0.0,5934.0,0,RC
771,9,2,2,2026-10-19,WEEK,w43,36994.0,57445.0,36994.0,51191.0,,,,,20451.0,6254.0,0,RC
772,9,2,2,2026-10-26,WEEK,w44,51191.0,51191.0,45153.0,45153.0,,,,,0.0,6038.0,0,RC
773,9,2,2,2026-11-02,WEEK,w45,45153.0,45153.0,38380.0,38380.0,,,,,0.0,6773.0,0,RC
774,9,2,2,2026-11-09,WEEK,w46,38380.0,60041.0,38380.0,53436.0,,,,,21661.0,6605.0,0,RC
775,9,2,2,2026-11-16,WEEK,w47,53436.0,53436.0,46846.0,46846.0,,,,,0.0,6590.0,0,RC
776,9,2,2,2026-11-23,WEEK,w48,46846.0,46846.0,40196.0,40196.0,,,,,0.0,6650.0,0,RC
777,9,2,2,2026-11-30,WEEK,w49,40196.0,56761.0,40196.0,51796.0,,,,,16565.0,4965.0,0,RC
778,9,2,2,2026-12-07,WEEK,w50,51796.0,51796.0,46688.0,46688.0,,,,,0.0,5108.0,0,RC
779,9,2,2,2026-12-14,WEEK,w51,46688.0,46688.0,41655.0,41655.0,,,,,0.0,5033.0,0,RC
780,9,2,2,2026-12-21,WEEK,w52,41655.0,55250.0,41655.0,50016.0,,,,,13595.0,5234.0,0,RC
781,2,1,1,2025-12-29,WEEK,w01,30370.0,30370.0,0.0,0.0,,,,,0.0,6977.0,1,RC
782,2,1,1,2026-01-05,WEEK,w02,30370.0,52815.0,0.0,0.0,,,,,22445.0,7299.0,1,RC
783,2,1,1,2026-01-12,WEEK,w03,30370.0,30370.0,0.0,0.0,,,,,0.0,7212.0,1,RC
784,2,1,1,2026-01-19,WEEK,w04,30370.0,30370.0,942.0,942.0,,,,,0.0,7357.0,0,RC
785,2,1,1,2026-01-26,WEEK,w05,30370.0,50310.0,4984.0,4984.0,,,,,19940.0,7933.0,0,RC
786,2,1,1,2026-02-02,WEEK,w06,30370.0,30370.0,10827.0,10827.0,,,,,0.0,8143.0,0,RC
787,2,1,1,2026-02-09,WEEK,w07,30370.0,30370.0,17645.0,17645.0,,,,,0.0,7953.0,0,RC
788,2,1,1,2026-02-16,WEEK,w08,30370.0,53577.0,24003.0,24003.0,,,,,23207.0,7959.0,0,RC
789,2,1,1,2026-02-23,WEEK,w09,30370.0,30370.0,21099.0,21099.0,21756.0,1480.0,150.0,8614.0,0.0,9271.0,0,RC
790,2,1,1,2026-03-02,WEEK,w10,21082.0,21082.0,11811.0,11811.0,,,,,0.0,9288.0,0,RC
791,2,1,1,2026-03-09,WEEK,w11,11794.0,41286.0,11794.0,32200.0,,,,,29492.0,9086.0,0,RC
792,2,1,1,2026-03-16,WEEK,w12,32200.0,32200.0,22846.0,22846.0,,,,,0.0,9354.0,0,RC
793,2,1,1,2026-03-23,WEEK,w13,22846.0,22846.0,12928.0,12928.0,,,,,0.0,9918.0,0,RC
794,2,1,1,2026-03-30,WEEK,w14,12928.0,35656.0,12928.0,26206.0,,,,,22728.0,9450.0,0,RC
795,2,1,1,2026-04-06,WEEK,w15,26206.0,26206.0,16693.0,16693.0,,,,,0.0,9513.0,0,RC
796,2,1,1,2026-04-13,WEEK,w16,16693.0,16693.0,7900.0,7900.0,,,,,0.0,8793.0,0,RC
797,2,1,1,2026-04-20,WEEK,w17,7900.0,33654.0,7900.0,25265.0,,,,,25754.0,8389.0,0,RC
798,2,1,1,2026-04-27,WEEK,w18,25265.0,25265.0,16961.0,16961.0,,,,,0.0,8304.0,0,RC
799,2,1,1,2026-05-04,WEEK,w19,16961.0,16961.0,8780.0,8780.0,,,,,0.0,8181.0,0,RC
800,2,1,1,2026-05-11,WEEK,w20,8780.0,29434.0,8780.0,21457.0,,,,,20654.0,7977.0,0,RC
801,2,1,1,2026-05-18,WEEK,w21,21457.0,21457.0,13962.0,13962.0,,,,,0.0,7495.0,0,RC
802,2,1,1,2026-05-25,WEEK,w22,13962.0,13962.0,6941.0,6941.0,,,,,0.0,7021.0,0,RC
803,2,1,1,2026-06-01,WEEK,w23,6941.0,30577.0,6941.0,23516.0,,,,,23636.0,7061.0,0,RC
804,2,1,1,2026-06-08,WEEK,w24,23516.0,23516.0,16901.0,16901.0,,,,,0.0,6615.0,0,RC
805,2,1,1,2026-06-15,WEEK,w25,16901.0,16901.0,10414.0,10414.0,,,,,0.0,6487.0,0,RC
806,2,1,1,2026-06-22,WEEK,w26,10414.0,29078.0,10414.0,22451.0,,,,,18664.0,6627.0,0,RC
807,2,1,1,2026-06-29,WEEK,w27,22451.0,22451.0,16025.0,16025.0,,,,,0.0,6426.0,0,RC
808,2,1,1,2026-07-06,WEEK,w28,16025.0,16025.0,9482.0,9482.0,,,,,0.0,6543.0,0,RC
809,2,1,1,2026-07-13,WEEK,w29,9482.0,31124.0,9482.0,24308.0,,,,,21642.0,6816.0,0,RC
810,2,1,1,2026-07-20,WEEK,w30,24308.0,24308.0,17446.0,17446.0,,,,,0.0,6862.0,0,RC
811,2,1,1,2026-07-27,WEEK,w31,17446.0,17446.0,10939.0,10939.0,,,,,0.0,6507.0,0,RC
812,2,1,1,2026-08-03,WEEK,w32,10939.0,30761.0,10939.0,23836.0,,,,,19822.0,6925.0,0,RC
813,2,1,1,2026-08-10,WEEK,w33,23836.0,23836.0,17000.0,17000.0,,,,,0.0,6836.0,0,RC
814,2,1,1,2026-08-17,WEEK,w34,17000.0,17000.0,10080.0,10080.0,,,,,0.0,6920.0,0,RC
815,2,1,1,2026-08-24,WEEK,w35,10080.0,27015.0,10080.0,19839.0,,,,,16935.0,7176.0,0,RC
816,2,1,1,2026-08-31,WEEK,w36,19839.0,19839.0,12363.0,12363.0,,,,,0.0,7476.0,0,RC
817,2,1,1,2026-09-07,WEEK,w37,12363.0,12363.0,4807.0,4807.0,,,,,0.0,7556.0,0,RC
818,2,1,1,2026-09-14,WEEK,w38,4807.0,28600.0,4807.0,20931.0,,,,,23793.0,7669.0,0,RC
819,2,1,1,2026-09-21,WEEK,w39,20931.0,20931.0,12926.0,12926.0,,,,,0.0,8005.0,0,RC
820,2,1,1,2026-09-28,WEEK,w40,12926.0,12926.0,5171.0,5171.0,,,,,0.0,7755.0,0,RC
821,2,1,1,2026-10-05,WEEK,w41,5171.0,33668.0,5171.0,25669.0,,,,,28497.0,7999.0,0,RC
822,2,1,1,2026-10-12,WEEK,w42,25669.0,25669.0,17425.0,17425.0,,,,,0.0,8244.0,0,RC
823,2,1,1,2026-10-19,WEEK,w43,17425.0,17425.0,9042.0,9042.0,,,,,0.0,8383.0,0,RC
824,2,1,1,2026-10-26,WEEK,w44,9042.0,35587.0,9042.0,27048.0,,,,,26545.0,8539.0,0,RC
825,2,1,1,2026-11-02,WEEK,w45,27048.0,27048.0,18098.0,18098.0,,,,,0.0,8950.0,0,RC
826,2,1,1,2026-11-09,WEEK,w46,18098.0,18098.0,8633.0,8633.0,,,,,0.0,9465.0,0,RC
827,2,1,1,2026-11-16,WEEK,w47,8633.0,39835.0,8633.0,30573.0,,,,,31202.0,9262.0,0,RC
828,2,1,1,2026-11-23,WEEK,w48,30573.0,30573.0,20973.0,20973.0,,,,,0.0,9600.0,0,RC
829,2,1,1,2026-11-30,WEEK,w49,20973.0,20973.0,13544.0,13544.0,,,,,0.0,7429.0,0,RC
830,2,1,1,2026-12-07,WEEK,w50,13544.0,37744.0,13544.0,30559.0,,,,,24200.0,7185.0,0,RC
831,2,1,1,2026-12-14,WEEK,w51,30559.0,30559.0,23262.0,23262.0,,,,,0.0,7297.0,0,RC
832,2,1,1,2026-12-21,WEEK,w52,23262.0,23262.0,16251.0,16251.0,,,,,0.0,7011.0,0,RC
833,14,1,1,2025-12-29,WEEK,w01,11283.0,11283.0,0.0,0.0,,,,,0.0,3240.0,1,RC
834,14,1,1,2026-01-05,WEEK,w02,11283.0,22256.0,0.0,0.0,,,,,10973.0,3282.0,1,RC
835,14,1,1,2026-01-12,WEEK,w03,11283.0,11283.0,0.0,0.0,,,,,0.0,3169.0,1,RC
836,14,1,1,2026-01-19,WEEK,w04,11283.0,11283.0,0.0,0.0,,,,,0.0,3271.0,1,RC
837,14,1,1,2026-01-26,WEEK,w05,11283.0,21520.0,0.0,0.0,,,,,10237.0,3651.0,1,RC
838,14,1,1,2026-02-02,WEEK,w06,11283.0,11283.0,3034.0,3034.0,,,,,0.0,3437.0,0,RC
839,14,1,1,2026-02-09,WEEK,w07,11283.0,11283.0,5640.0,5640.0,,,,,0.0,3527.0,0,RC
840,14,1,1,2026-02-16,WEEK,w08,11283.0,21108.0,8515.0,8515.0,,,,,9825.0,3460.0,0,RC
841,14,1,1,2026-02-23,WEEK,w09,11283.0,11283.0,7189.0,7189.0,7968.0,539.0,178.0,3315.0,0.0,4094.0,0,RC
842,14,1,1,2026-03-02,WEEK,w10,7097.0,7097.0,3003.0,3003.0,,,,,0.0,4186.0,0,RC
843,14,1,1,2026-03-09,WEEK,w11,2911.0,16527.0,2911.0,12322.0,,,,,13616.0,4205.0,0,RC
844,14,1,1,2026-03-16,WEEK,w12,12322.0,12322.0,7899.0,7899.0,,,,,0.0,4423.0,0,RC
845,14,1,1,2026-03-23,WEEK,w13,7899.0,7899.0,3615.0,3615.0,,,,,0.0,4284.0,0,RC
846,14,1,1,2026-03-30,WEEK,w14,3615.0,17355.0,3615.0,13057.0,,,,,13740.0,4298.0,0,RC
847,14,1,1,2026-04-06,WEEK,w15,13057.0,13057.0,8886.0,8886.0,,,,,0.0,4171.0,0,RC
848,14,1,1,2026-04-13,WEEK,w16,8886.0,8886.0,4995.0,4995.0,,,,,0.0,3891.0,0,RC
849,14,1,1,2026-04-20,WEEK,w17,4995.0,15358.0,4995.0,11458.0,,,,,10363.0,3900.0,0,RC
850,14,1,1,2026-04-27,WEEK,w18,11458.0,11458.0,7528.0,7528.0,,,,,0.0,3930.0,0,RC
851,14,1,1,2026-05-04,WEEK,w19,7528.0,7528.0,3902.0,3902.0,,,,,0.0,3626.0,0,RC
852,14,1,1,2026-05-11,WEEK,w20,3902.0,14928.0,3902.0,11307.0,,,,,11026.0,3621.0,0,RC
853,14,1,1,2026-05-18,WEEK,w21,11307.0,11307.0,7838.0,7838.0,,,,,0.0,3469.0,0,RC
854,14,1,1,2026-05-25,WEEK,w22,7838.0,7838.0,4758.0,4758.0,,,,,0.0,3080.0,0,RC
855,14,1,1,2026-06-01,WEEK,w23,4758.0,14563.0,4758.0,11405.0,,,,,9805.0,3158.0,0,RC
856,14,1,1,2026-06-08,WEEK,w24,11405.0,11405.0,8515.0,8515.0,,,,,0.0,2890.0,0,RC
857,14,1,1,2026-06-15,WEEK,w25,8515.0,8515.0,5704.0,5704.0,,,,,0.0,2811.0,0,RC
858,14,1,1,2026-06-22,WEEK,w26,5704.0,14590.0,5704.0,11783.0,,,,,8886.0,2807.0,0,RC
859,14,1,1,2026-06-29,WEEK,w27,11783.0,11783.0,8812.0,8812.0,,,,,0.0,2971.0,0,RC
860,14,1,1,2026-07-06,WEEK,w28,8812.0,8812.0,5896.0,5896.0,,,,,0.0,2916.0,0,RC
861,14,1,1,2026-07-13,WEEK,w29,5896.0,13203.0,5896.0,10341.0,,,,,7307.0,2862.0,0,RC
862,14,1,1,2026-07-20,WEEK,w30,10341.0,10341.0,7411.0,7411.0,,,,,0.0,2930.0,0,RC
863,14,1,1,2026-07-27,WEEK,w31,7411.0,7411.0,4408.0,4408.0,,,,,0.0,3003.0,0,RC
864,14,1,1,2026-08-03,WEEK,w32,4408.0,14381.0,4408.0,11504.0,,,,,9973.0,2877.0,0,RC
865,14,1,1,2026-08-10,WEEK,w33,11504.0,11504.0,8371.0,8371.0,,,,,0.0,3133.0,0,RC
866,14,1,1,2026-08-17,WEEK,w34,8371.0,8371.0,5159.0,5159.0,,,,,0.0,3212.0,0,RC
867,14,1,1,2026-08-24,WEEK,w35,5159.0,14589.0,5159.0,11388.0,,,,,9430.0,3201.0,0,RC
868,14,1,1,2026-08-31,WEEK,w36,11388.0,11388.0,8068.0,8068.0,,,,,0.0,3320.0,0,RC
869,14,1,1,2026-09-07,WEEK,w37,8068.0,8068.0,4730.0,4730.0,,,,,0.0,3338.0,0,RC
870,14,1,1,2026-09-14,WEEK,w38,4730.0,13850.0,4730.0,10260.0,,,,,9120.0,3590.0,0,RC
871,14,1,1,2026-09-21,WEEK,w39,10260.0,10260.0,6693.0,6693.0,,,,,0.0,3567.0,0,RC
872,14,1,1,2026-09-28,WEEK,w40,6693.0,6693.0,3135.0,3135.0,,,,,0.0,3558.0,0,RC
873,14,1,1,2026-10-05,WEEK,w41,3135.0,13477.0,3135.0,9895.0,,,,,10342.0,3582.0,0,RC
874,14,1,1,2026-10-12,WEEK,w42,9895.0,9895.0,6004.0,6004.0,,,,,0.0,3891.0,0,RC
875,14,1,1,2026-10-19,WEEK,w43,6004.0,6004.0,2186.0,2186.0,,,,,0.0,3818.0,0,RC
876,14,1,1,2026-10-26,WEEK,w44,2186.0,11341.0,2186.0,7542.0,,,,,9155.0,3799.0,0,RC
877,14,1,1,2026-11-02,WEEK,w45,7542.0,7542.0,3606.0,3606.0,,,,,0.0,3936.0,0,RC
878,14,1,1,2026-11-09,WEEK,w46,3606.0,3606.0,0.0,0.0,,,,,0.0,4180.0,1,RC
879,14,1,1,2026-11-16,WEEK,w47,0.0,10363.0,0.0,6130.0,,,,,10363.0,4233.0,0,RC
880,14,1,1,2026-11-23,WEEK,w48,6130.0,6130.0,1734.0,1734.0,,,,,0.0,4396.0,0,RC
881,14,1,1,2026-11-30,WEEK,w49,1734.0,1734.0,0.0,0.0,,,,,0.0,3300.0,1,RC
882,14,1,1,2026-12-07,WEEK,w50,0.0,10300.0,0.0,7208.0,,,,,10300.0,3092.0,0,RC
883,14,1,1,2026-12-14,WEEK,w51,7208.0,7208.0,3949.0,3949.0,,,,,0.0,3259.0,0,RC
884,14,1,1,2026-12-21,WEEK,w52,3949.0,3949.0,829.0,829.0,,,,,0.0,3120.0,0,RC
885,5,1,1,2025-12-29,WEEK,w01,20813.0,20813.0,0.0,0.0,,,,,0.0,5324.0,1,RC
886,5,1,1,2026-01-05,WEEK,w02,20813.0,38199.0,0.0,0.0,,,,,17386.0,5387.0,1,RC
887,5,1,1,2026-01-12,WEEK,w03,20813.0,20813.0,0.0,0.0,,,,,0.0,5598.0,1,RC
888,5,1,1,2026-01-19,WEEK,w04,20813.0,20813.0,0.0,0.0,,,,,0.0,5657.0,1,RC
889,5,1,1,2026-01-26,WEEK,w05,20813.0,39755.0,941.0,941.0,,,,,18942.0,6210.0,0,RC
890,5,1,1,2026-02-02,WEEK,w06,20813.0,20813.0,6413.0,6413.0,,,,,0.0,6000.0,0,RC
891,5,1,1,2026-02-09,WEEK,w07,20813.0,20813.0,11003.0,11003.0,,,,,0.0,6131.0,0,RC
892,5,1,1,2026-02-16,WEEK,w08,20813.0,41925.0,16087.0,16087.0,,,,,21112.0,5907.0,0,RC
893,5,1,1,2026-02-23,WEEK,w09,20813.0,20813.0,14052.0,14052.0,15471.0,1067.0,120.0,5342.0,0.0,6761.0,0,RC
894,5,1,1,2026-03-02,WEEK,w10,13436.0,13436.0,6675.0,6675.0,,,,,0.0,7377.0,0,RC
895,5,1,1,2026-03-09,WEEK,w11,6059.0,23606.0,6059.0,16735.0,,,,,17547.0,6871.0,0,RC
896,5,1,1,2026-03-16,WEEK,w12,16735.0,16735.0,9556.0,9556.0,,,,,0.0,7179.0,0,RC
897,5,1,1,2026-03-23,WEEK,w13,9556.0,9556.0,2305.0,2305.0,,,,,0.0,7251.0,0,RC
898,5,1,1,2026-03-30,WEEK,w14,2305.0,19643.0,2305.0,12764.0,,,,,17338.0,6879.0,0,RC
899,5,1,1,2026-04-06,WEEK,w15,12764.0,12764.0,5796.0,5796.0,,,,,0.0,6968.0,0,RC
900,5,1,1,2026-04-13,WEEK,w16,5796.0,5796.0,0.0,0.0,,,,,0.0,6921.0,1,RC
901,5,1,1,2026-04-20,WEEK,w17,0.0,20917.0,0.0,14358.0,,,,,20917.0,6559.0,0,RC
902,5,1,1,2026-04-27,WEEK,w18,14358.0,14358.0,7551.0,7551.0,,,,,0.0,6807.0,0,RC
903,5,1,1,2026-05-04,WEEK,w19,7551.0,7551.0,1065.0,1065.0,,,,,0.0,6486.0,0,RC
904,5,1,1,2026-05-11,WEEK,w20,1065.0,19179.0,1065.0,13206.0,,,,,18114.0,5973.0,0,RC
905,5,1,1,2026-05-18,WEEK,w21,13206.0,13206.0,7542.0,7542.0,,,,,0.0,5664.0,0,RC
906,5,1,1,2026-05-25,WEEK,w22,7542.0,7542.0,2204.0,2204.0,,,,,0.0,5338.0,0,RC
907,5,1,1,2026-06-01,WEEK,w23,2204.0,15940.0,2204.0,10677.0,,,,,13736.0,5263.0,0,RC
908,5,1,1,2026-06-08,WEEK,w24,10677.0,10677.0,5657.0,5657.0,,,,,0.0,5020.0,0,RC
909,5,1,1,2026-06-15,WEEK,w25,5657.0,5657.0,658.0,658.0,,,,,0.0,4999.0,0,RC
910,5,1,1,2026-06-22,WEEK,w26,658.0,12515.0,658.0,7601.0,,,,,11857.0,4914.0,0,RC
911,5,1,1,2026-06-29,WEEK,w27,7601.0,7601.0,2630.0,2630.0,,,,,0.0,4971.0,0,RC
912,5,1,1,2026-07-06,WEEK,w28,2630.0,2630.0,0.0,0.0,,,,,0.0,4925.0,1,RC
913,5,1,1,2026-07-13,WEEK,w29,0.0,12158.0,0.0,7181.0,,,,,12158.0,4977.0,0,RC
914,5,1,1,2026-07-20,WEEK,w30,7181.0,7181.0,1939.0,1939.0,,,,,0.0,5242.0,0,RC
915,5,1,1,2026-07-27,WEEK,w31,1939.0,1939.0,0.0,0.0,,,,,0.0,5223.0,1,RC
916,5,1,1,2026-08-03,WEEK,w32,0.0,17253.0,0.0,12285.0,,,,,17253.0,4968.0,0,RC
917,5,1,1,2026-08-10,WEEK,w33,12285.0,12285.0,6906.0,6906.0,,,,,0.0,5379.0,0,RC
918,5,1,1,2026-08-17,WEEK,w34,6906.0,6906.0,1521.0,1521.0,,,,,0.0,5385.0,0,RC
919,5,1,1,2026-08-24,WEEK,w35,1521.0,15437.0,1521.0,9763.0,,,,,13916.0,5674.0,0,RC
920,5,1,1,2026-08-31,WEEK,w36,9763.0,9763.0,4131.0,4131.0,,,,,0.0,5632.0,0,RC
921,5,1,1,2026-09-07,WEEK,w37,4131.0,4131.0,0.0,0.0,,,,,0.0,5740.0,1,RC
922,5,1,1,2026-09-14,WEEK,w38,0.0,15967.0,0.0,10254.0,,,,,15967.0,5713.0,0,RC
923,5,1,1,2026-09-21,WEEK,w39,10254.0,10254.0,4316.0,4316.0,,,,,0.0,5938.0,0,RC
924,5,1,1,2026-09-28,WEEK,w40,4316.0,4316.0,0.0,0.0,,,,,0.0,6070.0,1,RC
925,5,1,1,2026-10-05,WEEK,w41,0.0,16268.0,0.0,9875.0,,,,,16268.0,6393.0,0,RC
926,5,1,1,2026-10-12,WEEK,w42,9875.0,9875.0,3511.0,3511.0,,,,,0.0,6364.0,0,RC
927,5,1,1,2026-10-19,WEEK,w43,3511.0,3511.0,0.0,0.0,,,,,0.0,6410.0,1,RC
928,5,1,1,2026-10-26,WEEK,w44,0.0,18291.0,0.0,11401.0,,,,,18291.0,6890.0,0,RC
929,5,1,1,2026-11-02,WEEK,w45,11401.0,11401.0,4088.0,4088.0,,,,,0.0,7313.0,0,RC
930,5,1,1,2026-11-09,WEEK,w46,4088.0,4088.0,0.0,0.0,,,,,0.0,7165.0,1,RC
931,5,1,1,2026-11-16,WEEK,w47,0.0,17303.0,0.0,10234.0,,,,,17303.0,7069.0,0,RC
932,5,1,1,2026-11-23,WEEK,w48,10234.0,10234.0,2944.0,2944.0,,,,,0.0,7290.0,0,RC
933,5,1,1,2026-11-30,WEEK,w49,2944.0,2944.0,0.0,0.0,,,,,0.0,5288.0,1,RC
934,5,1,1,2026-12-07,WEEK,w50,0.0,16076.0,0.0,10394.0,,,,,16076.0,5682.0,0,RC
935,5,1,1,2026-12-14,WEEK,w51,10394.0,10394.0,5062.0,5062.0,,,,,0.0,5332.0,0,RC
936,5,1,1,2026-12-21,WEEK,w52,5062.0,5062.0,0.0,0.0,,,,,0.0,5534.0,1,RC
937,16,1,1,2025-12-29,WEEK,w01,13979.0,13979.0,0.0,0.0,,,,,0.0,3688.0,1,RC
938,16,1,1,2026-01-05,WEEK,w02,13979.0,13979.0,0.0,0.0,,,,,0.0,3732.0,1,RC
939,16,1,1,2026-01-12,WEEK,w03,13979.0,24202.0,0.0,0.0,,,,,10223.0,3768.0,1,RC
940,16,1,1,2026-01-19,WEEK,w04,13979.0,13979.0,0.0,0.0,,,,,0.0,3776.0,1,RC
941,16,1,1,2026-01-26,WEEK,w05,13979.0,13979.0,699.0,699.0,,,,,0.0,4150.0,0,RC
942,16,1,1,2026-02-02,WEEK,w06,13979.0,27168.0,3621.0,3621.0,,,,,13189.0,4316.0,0,RC
943,16,1,1,2026-02-09,WEEK,w07,13979.0,13979.0,7176.0,7176.0,,,,,0.0,4252.0,0,RC
944,16,1,1,2026-02-16,WEEK,w08,13979.0,13979.0,10606.0,10606.0,,,,,0.0,4216.0,0,RC
945,16,1,1,2026-02-23,WEEK,w09,13979.0,29560.0,13979.0,24882.0,10294.0,787.0,234.0,3685.0,15581.0,4678.0,0,RC
946,16,1,1,2026-03-02,WEEK,w10,8911.0,19814.0,8911.0,19814.0,,,,,0.0,5068.0,0,RC
947,16,1,1,2026-03-09,WEEK,w11,3843.0,3843.0,0.0,0.0,,,,,0.0,5120.0,1,RC
948,16,1,1,2026-03-16,WEEK,w12,0.0,12917.0,0.0,7655.0,,,,,12917.0,5262.0,0,RC
949,16,1,1,2026-03-23,WEEK,w13,7655.0,7655.0,2730.0,2730.0,,,,,0.0,4925.0,0,RC
950,16,1,1,2026-03-30,WEEK,w14,2730.0,2730.0,0.0,0.0,,,,,0.0,4994.0,1,RC
951,16,1,1,2026-04-06,WEEK,w15,0.0,13561.0,0.0,8798.0,,,,,13561.0,4763.0,0,RC
952,16,1,1,2026-04-13,WEEK,w16,8798.0,8798.0,4140.0,4140.0,,,,,0.0,4658.0,0,RC
953,16,1,1,2026-04-20,WEEK,w17,4140.0,4140.0,0.0,0.0,,,,,0.0,4399.0,1,RC
954,16,1,1,2026-04-27,WEEK,w18,0.0,15423.0,0.0,10825.0,,,,,15423.0,4598.0,0,RC
955,16,1,1,2026-05-04,WEEK,w19,10825.0,10825.0,6390.0,6390.0,,,,,0.0,4435.0,0,RC
956,16,1,1,2026-05-11,WEEK,w20,6390.0,6390.0,2339.0,2339.0,,,,,0.0,4051.0,0,RC
957,16,1,1,2026-05-18,WEEK,w21,2339.0,15378.0,2339.0,11425.0,,,,,13039.0,3953.0,0,RC
958,16,1,1,2026-05-25,WEEK,w22,11425.0,11425.0,7714.0,7714.0,,,,,0.0,3711.0,0,RC
959,16,1,1,2026-06-01,WEEK,w23,7714.0,7714.0,4142.0,4142.0,,,,,0.0,3572.0,0,RC
960,16,1,1,2026-06-08,WEEK,w24,4142.0,16447.0,4142.0,13020.0,,,,,12305.0,3427.0,0,RC
961,16,1,1,2026-06-15,WEEK,w25,13020.0,13020.0,9622.0,9622.0,,,,,0.0,3398.0,0,RC
962,16,1,1,2026-06-22,WEEK,w26,9622.0,9622.0,6133.0,6133.0,,,,,0.0,3489.0,0,RC
963,16,1,1,2026-06-29,WEEK,w27,6133.0,17094.0,6133.0,13791.0,,,,,10961.0,3303.0,0,RC
964,16,1,1,2026-07-06,WEEK,w28,13791.0,13791.0,10486.0,10486.0,,,,,0.0,3305.0,0,RC
965,16,1,1,2026-07-13,WEEK,w29,10486.0,10486.0,7031.0,7031.0,,,,,0.0,3455.0,0,RC
966,16,1,1,2026-07-20,WEEK,w30,7031.0,16721.0,7031.0,13101.0,,,,,9690.0,3620.0,0,RC
967,16,1,1,2026-07-27,WEEK,w31,13101.0,13101.0,9519.0,9519.0,,,,,0.0,3582.0,0,RC
968,16,1,1,2026-08-03,WEEK,w32,9519.0,9519.0,5934.0,5934.0,,,,,0.0,3585.0,0,RC
969,16,1,1,2026-08-10,WEEK,w33,5934.0,16796.0,5934.0,13226.0,,,,,10862.0,3570.0,0,RC
970,16,1,1,2026-08-17,WEEK,w34,13226.0,13226.0,9474.0,9474.0,,,,,0.0,3752.0,0,RC
971,16,1,1,2026-08-24,WEEK,w35,9474.0,9474.0,5823.0,5823.0,,,,,0.0,3651.0,0,RC
972,16,1,1,2026-08-31,WEEK,w36,5823.0,17577.0,5823.0,13736.0,,,,,11754.0,3841.0,0,RC
973,16,1,1,2026-09-07,WEEK,w37,13736.0,13736.0,9614.0,9614.0,,,,,0.0,4122.0,0,RC
974,16,1,1,2026-09-14,WEEK,w38,9614.0,9614.0,5473.0,5473.0,,,,,0.0,4141.0,0,RC
975,16,1,1,2026-09-21,WEEK,w39,5473.0,15481.0,5473.0,11176.0,,,,,10008.0,4305.0,0,RC
976,16,1,1,2026-09-28,WEEK,w40,11176.0,11176.0,6921.0,6921.0,,,,,0.0,4255.0,0,RC
977,16,1,1,2026-10-05,WEEK,w41,6921.0,6921.0,2684.0,2684.0,,,,,0.0,4237.0,0,RC
978,16,1,1,2026-10-12,WEEK,w42,2684.0,15927.0,2684.0,11299.0,,,,,13243.0,4628.0,0,RC
979,16,1,1,2026-10-19,WEEK,w43,11299.0,11299.0,6897.0,6897.0,,,,,0.0,4402.0,0,RC
980,16,1,1,2026-10-26,WEEK,w44,6897.0,6897.0,2248.0,2248.0,,,,,0.0,4649.0,0,RC
981,16,1,1,2026-11-02,WEEK,w45,2248.0,17575.0,2248.0,12850.0,,,,,15327.0,4725.0,0,RC
982,16,1,1,2026-11-09,WEEK,w46,12850.0,12850.0,8103.0,8103.0,,,,,0.0,4747.0,0,RC
983,16,1,1,2026-11-16,WEEK,w47,8103.0,8103.0,3118.0,3118.0,,,,,0.0,4985.0,0,RC
984,16,1,1,2026-11-23,WEEK,w48,3118.0,15947.0,3118.0,10901.0,,,,,12829.0,5046.0,0,RC
985,16,1,1,2026-11-30,WEEK,w49,10901.0,10901.0,7105.0,7105.0,,,,,0.0,3796.0,0,RC
986,16,1,1,2026-12-07,WEEK,w50,7105.0,7105.0,3282.0,3282.0,,,,,0.0,3823.0,0,RC
987,16,1,1,2026-12-14,WEEK,w51,3282.0,15582.0,3282.0,11921.0,,,,,12300.0,3661.0,0,RC
988,16,1,1,2026-12-21,WEEK,w52,11921.0,11921.0,8236.0,8236.0,,,,,0.0,3685.0,0,RC
989,1,1,1,2025-12-29,WEEK,w01,40501.0,40501.0,0.0,0.0,,,,,0.0,9893.0,1,RC
990,1,1,1,2026-01-05,WEEK,w02,40501.0,40501.0,0.0,0.0,,,,,0.0,9487.0,1,RC
991,1,1,1,2026-01-12,WEEK,w03,40501.0,63750.0,0.0,0.0,,,,,23249.0,9474.0,1,RC
992,1,1,1,2026-01-19,WEEK,w04,40501.0,40501.0,669.0,669.0,,,,,0.0,9958.0,0,RC
993,1,1,1,2026-01-26,WEEK,w05,40501.0,40501.0,7183.0,7183.0,,,,,0.0,10412.0,0,RC
994,1,1,1,2026-02-02,WEEK,w06,40501.0,77383.0,13962.0,13962.0,,,,,36882.0,11058.0,0,RC
995,1,1,1,2026-02-09,WEEK,w07,40501.0,40501.0,22968.0,22968.0,,,,,0.0,10958.0,0,RC
996,1,1,1,2026-02-16,WEEK,w08,40501.0,40501.0,32166.0,32166.0,,,,,0.0,10419.0,0,RC
997,1,1,1,2026-02-23,WEEK,w09,40501.0,73845.0,40501.0,62002.0,29585.0,3511.0,988.0,10916.0,33344.0,11843.0,0,RC
998,1,1,1,2026-03-02,WEEK,w10,27265.0,48766.0,27265.0,48766.0,,,,,0.0,13236.0,0,RC
999,1,1,1,2026-03-09,WEEK,w11,14029.0,14029.0,1417.0,1417.0,,,,,0.0,12612.0,0,RC
1000,1,1,1,2026-03-16,WEEK,w12,1417.0,33456.0,1417.0,20363.0,,,,,32039.0,13093.0,0,RC
1001,1,1,1,2026-03-23,WEEK,w13,20363.0,20363.0,6802.0,6802.0,,,,,0.0,13561.0,0,RC
1002,1,1,1,2026-03-30,WEEK,w14,6802.0,6802.0,0.0,0.0,,,,,0.0,13196.0,1,RC
1003,1,1,1,2026-04-06,WEEK,w15,0.0,36730.0,0.0,23495.0,,,,,36730.0,13235.0,0,RC
1004,1,1,1,2026-04-13,WEEK,w16,23495.0,23495.0,10997.0,10997.0,,,,,0.0,12498.0,0,RC
1005,1,1,1,2026-04-20,WEEK,w17,10997.0,10997.0,0.0,0.0,,,,,0.0,11644.0,1,RC
1006,1,1,1,2026-04-27,WEEK,w18,0.0,30672.0,0.0,19304.0,,,,,30672.0,11368.0,0,RC
1007,1,1,1,2026-05-04,WEEK,w19,19304.0,19304.0,7784.0,7784.0,,,,,0.0,11520.0,0,RC
1008,1,1,1,2026-05-11,WEEK,w20,7784.0,7784.0,0.0,0.0,,,,,0.0,10830.0,1,RC
1009,1,1,1,2026-05-18,WEEK,w21,0.0,27185.0,0.0,16957.0,,,,,27185.0,10228.0,0,RC
1010,1,1,1,2026-05-25,WEEK,w22,16957.0,16957.0,7041.0,7041.0,,,,,0.0,9916.0,0,RC
1011,1,1,1,2026-06-01,WEEK,w23,7041.0,7041.0,0.0,0.0,,,,,0.0,9020.0,1,RC
1012,1,1,1,2026-06-08,WEEK,w24,0.0,24323.0,0.0,15214.0,,,,,24323.0,9109.0,0,RC
1013,1,1,1,2026-06-15,WEEK,w25,15214.0,15214.0,6739.0,6739.0,,,,,0.0,8475.0,0,RC
1014,1,1,1,2026-06-22,WEEK,w26,6739.0,6739.0,0.0,0.0,,,,,0.0,8798.0,1,RC
1015,1,1,1,2026-06-29,WEEK,w27,0.0,28785.0,0.0,20278.0,,,,,28785.0,8507.0,0,RC
1016,1,1,1,2026-07-06,WEEK,w28,20278.0,20278.0,11727.0,11727.0,,,,,0.0,8551.0,0,RC
1017,1,1,1,2026-07-13,WEEK,w29,11727.0,11727.0,2987.0,2987.0,,,,,0.0,8740.0,0,RC
1018,1,1,1,2026-07-20,WEEK,w30,2987.0,29557.0,2987.0,20433.0,,,,,26570.0,9124.0,0,RC
1019,1,1,1,2026-07-27,WEEK,w31,20433.0,20433.0,11140.0,11140.0,,,,,0.0,9293.0,0,RC
1020,1,1,1,2026-08-03,WEEK,w32,11140.0,11140.0,1965.0,1965.0,,,,,0.0,9175.0,0,RC
1021,1,1,1,2026-08-10,WEEK,w33,1965.0,26856.0,1965.0,17202.0,,,,,24891.0,9654.0,0,RC
1022,1,1,1,2026-08-17,WEEK,w34,17202.0,17202.0,7694.0,7694.0,,,,,0.0,9508.0,0,RC
1023,1,1,1,2026-08-24,WEEK,w35,7694.0,7694.0,0.0,0.0,,,,,0.0,9632.0,1,RC
1024,1,1,1,2026-08-31,WEEK,w36,0.0,29718.0,0.0,19629.0,,,,,29718.0,10089.0,0,RC
1025,1,1,1,2026-09-07,WEEK,w37,19629.0,19629.0,9567.0,9567.0,,,,,0.0,10062.0,0,RC
1026,1,1,1,2026-09-14,WEEK,w38,9567.0,9567.0,0.0,0.0,,,,,0.0,10976.0,1,RC
1027,1,1,1,2026-09-21,WEEK,w39,0.0,34058.0,0.0,23699.0,,,,,34058.0,10359.0,0,RC
1028,1,1,1,2026-09-28,WEEK,w40,23699.0,23699.0,12514.0,12514.0,,,,,0.0,11185.0,0,RC
1029,1,1,1,2026-10-05,WEEK,w41,12514.0,12514.0,1656.0,1656.0,,,,,0.0,10858.0,0,RC
1030,1,1,1,2026-10-12,WEEK,w42,1656.0,32036.0,1656.0,20110.0,,,,,30380.0,11926.0,0,RC
1031,1,1,1,2026-10-19,WEEK,w43,20110.0,20110.0,8324.0,8324.0,,,,,0.0,11786.0,0,RC
1032,1,1,1,2026-10-26,WEEK,w44,8324.0,8324.0,0.0,0.0,,,,,0.0,12428.0,1,RC
1033,1,1,1,2026-11-02,WEEK,w45,0.0,35076.0,0.0,22960.0,,,,,35076.0,12116.0,0,RC
1034,1,1,1,2026-11-09,WEEK,w46,22960.0,22960.0,10165.0,10165.0,,,,,0.0,12795.0,0,RC
1035,1,1,1,2026-11-16,WEEK,w47,10165.0,10165.0,0.0,0.0,,,,,0.0,13422.0,1,RC
1036,1,1,1,2026-11-23,WEEK,w48,0.0,32364.0,0.0,19110.0,,,,,32364.0,13254.0,0,RC
1037,1,1,1,2026-11-30,WEEK,w49,19110.0,19110.0,9209.0,9209.0,,,,,0.0,9901.0,0,RC
1038,1,1,1,2026-12-07,WEEK,w50,9209.0,9209.0,0.0,0.0,,,,,0.0,9953.0,1,RC
1039,1,1,1,2026-12-14,WEEK,w51,0.0,24670.0,0.0,14906.0,,,,,24670.0,9764.0,0,RC
1040,1,1,1,2026-12-21,WEEK,w52,14906.0,14906.0,5006.0,5006.0,,,,,0.0,9900.0,0,RC
