plan_id,material_code,plant_code,period_date,period_type,demand_type,volume_rc,week_label
1,32000001,7101,2025-12-29,WEEK,PLAN,0.0,w01
2,32000001,7101,2026-01-05,WEEK,PLAN,0.0,w02
3,32000001,7101,2026-01-12,WEEK,PLAN,23249.0,w03
4,32000001,7101,2026-01-19,WEEK,PLAN,0.0,w04
5,32000001,7101,2026-01-26,WEEK,PLAN,0.0,w05
6,32000001,7101,2026-02-02,WEEK,PLAN,36882.0,w06
7,32000001,7101,2026-02-09,WEEK,PLAN,0.0,w07
8,32000001,7101,2026-02-16,WEEK,PLAN,0.0,w08
9,32000001,7101,2026-02-23,WEEK,PLAN,33344.0,w09
10,32000001,7101,2026-03-02,WEEK,PLAN,0.0,w10
11,32000001,7101,2026-03-09,WEEK,PLAN,0.0,w11
12,32000001,7101,2026-03-16,WEEK,PLAN,32039.0,w12
13,32000001,7101,2026-03-23,WEEK,PLAN,0.0,w13
14,32000001,7101,2026-03-30,WEEK,PLAN,0.0,w14
15,32000001,7101,2026-04-06,WEEK,PLAN,36730.0,w15
16,32000001,7101,2026-04-13,WEEK,PLAN,0.0,w16
17,32000001,7101,2026-04-20,WEEK,PLAN,0.0,w17
18,32000001,7101,2026-04-27,WEEK,PLAN,30672.0,w18
19,32000001,7101,2026-05-04,WEEK,PLAN,0.0,w19
20,32000001,7101,2026-05-11,WEEK,PLAN,0.0,w20
21,32000001,7101,2026-05-18,WEEK,PLAN,27185.0,w21
22,32000001,7101,2026-05-25,WEEK,PLAN,0.0,w22
23,32000001,7101,2026-06-01,WEEK,PLAN,0.0,w23
24,32000001,7101,2026-06-08,WEEK,PLAN,24323.0,w24
25,32000001,7101,2026-06-15,WEEK,PLAN,0.0,w25
26,32000001,7101,2026-06-22,WEEK,PLAN,0.0,w26
27,32000001,7101,2026-06-29,WEEK,PLAN,28785.0,w27
28,32000001,7101,2026-07-06,WEEK,PLAN,0.0,w28
29,32000001,7101,2026-07-13,WEEK,PLAN,0.0,w29
30,32000001,7101,2026-07-20,WEEK,PLAN,26570.0,w30
31,32000001,7101,2026-07-27,WEEK,PLAN,0.0,w31
32,32000001,7101,2026-08-03,WEEK,PLAN,0.0,w32
33,32000001,7101,2026-08-10,WEEK,PLAN,24891.0,w33
34,32000001,7101,2026-08-17,WEEK,PLAN,0.0,w34
35,32000001,7101,2026-08-24,WEEK,PLAN,0.0,w35
36,32000001,7101,2026-08-31,WEEK,PLAN,29718.0,w36
37,32000001,7101,2026-09-07,WEEK,PLAN,0.0,w37
38,32000001,7101,2026-09-14,WEEK,PLAN,0.0,w38
39,32000001,7101,2026-09-21,WEEK,PLAN,34058.0,w39
40,32000001,7101,2026-09-28,WEEK,PLAN,0.0,w40
41,32000001,7101,2026-10-05,WEEK,PLAN,0.0,w41
42,32000001,7101,2026-10-12,WEEK,PLAN,30380.0,w42
43,32000001,7101,2026-10-19,WEEK,PLAN,0.0,w43
44,32000001,7101,2026-10-26,WEEK,PLAN,0.0,w44
45,32000001,7101,2026-11-02,WEEK,PLAN,35076.0,w45
46,32000001,7101,2026-11-09,WEEK,PLAN,0.0,w46
47,32000001,7101,2026-11-16,WEEK,PLAN,0.0,w47
48,32000001,7101,2026-11-23,WEEK,PLAN,32364.0,w48
49,32000001,7101,2026-11-30,WEEK,PLAN,0.0,w49
50,32000001,7101,2026-12-07,WEEK,PLAN,0.0,w50
51,32000001,7101,2026-12-14,WEEK,PLAN,24670.0,w51
52,32000001,7101,2026-12-21,WEEK,PLAN,0.0,w52
53,32000002,7101,2025-12-29,WEEK,PLAN,0.0,w01
54,32000002,7101,2026-01-05,WEEK,PLAN,22445.0,w02
55,32000002,7101,2026-01-12,WEEK,PLAN,0.0,w03
56,32000002,7101,2026-01-19,WEEK,PLAN,0.0,w04
57,32000002,7101,2026-01-26,WEEK,PLAN,19940.0,w05
58,32000002,7101,2026-02-02,WEEK,PLAN,0.0,w06
59,32000002,7101,2026-02-09,WEEK,PLAN,0.0,w07
60,32000002,7101,2026-02-16,WEEK,PLAN,23207.0,w08
61,32000002,7101,2026-02-23,WEEK,PLAN,0.0,w09
62,32000002,7101,2026-03-02,WEEK,PLAN,0.0,w10
63,32000002,7101,2026-03-09,WEEK,PLAN,29492.0,w11
64,32000002,7101,2026-03-16,WEEK,PLAN,0.0,w12
65,32000002,7101,2026-03-23,WEEK,PLAN,0.0,w13
66,32000002,7101,2026-03-30,WEEK,PLAN,22728.0,w14
67,32000002,7101,2026-04-06,WEEK,PLAN,0.0,w15
68,32000002,7101,2026-04-13,WEEK,PLAN,0.0,w16
69,32000002,7101,2026-04-20,WEEK,PLAN,25754.0,w17
70,32000002,7101,2026-04-27,WEEK,PLAN,0.0,w18
71,32000002,7101,2026-05-04,WEEK,PLAN,0.0,w19
72,32000002,7101,2026-05-11,WEEK,PLAN,20654.0,w20
73,32000002,7101,2026-05-18,WEEK,PLAN,0.0,w21
74,32000002,7101,2026-05-25,WEEK,PLAN,0.0,w22
75,32000002,7101,2026-06-01,WEEK,PLAN,23636.0,w23
76,32000002,7101,2026-06-08,WEEK,PLAN,0.0,w24
77,32000002,7101,2026-06-15,WEEK,PLAN,0.0,w25
78,32000002,7101,2026-06-22,WEEK,PLAN,18664.0,w26
79,32000002,7101,2026-06-29,WEEK,PLAN,0.0,w27
80,32000002,7101,2026-07-06,WEEK,PLAN,0.0,w28
81,32000002,7101,2026-07-13,WEEK,PLAN,21642.0,w29
82,32000002,7101,2026-07-20,WEEK,PLAN,0.0,w30
83,32000002,7101,2026-07-27,WEEK,PLAN,0.0,w31
84,32000002,7101,2026-08-03,WEEK,PLAN,19822.0,w32
85,32000002,7101,2026-08-10,WEEK,PLAN,0.0,w33
86,32000002,7101,2026-08-17,WEEK,PLAN,0.0,w34
87,32000002,7101,2026-08-24,WEEK,PLAN,16935.0,w35
88,32000002,7101,2026-08-31,WEEK,PLAN,0.0,w36
89,32000002,7101,2026-09-07,WEEK,PLAN,0.0,w37
90,32000002,7101,2026-09-14,WEEK,PLAN,23793.0,w38
91,32000002,7101,2026-09-21,WEEK,PLAN,0.0,w39
92,32000002,7101,2026-09-28,WEEK,PLAN,0.0,w40
93,32000002,7101,2026-10-05,WEEK,PLAN,28497.0,w41
94,32000002,7101,2026-10-12,WEEK,PLAN,0.0,w42
95,32000002,7101,2026-10-19,WEEK,PLAN,0.0,w43
96,32000002,7101,2026-10-26,WEEK,PLAN,26545.0,w44
97,32000002,7101,2026-11-02,WEEK,PLAN,0.0,w45
98,32000002,7101,2026-11-09,WEEK,PLAN,0.0,w46
99,32000002,7101,2026-11-16,WEEK,PLAN,31202.0,w47
100,32000002,7101,2026-11-23,WEEK,PLAN,0.0,w48
101,32000002,7101,2026-11-30,WEEK,PLAN,0.0,w49
102,32000002,7101,2026-12-07,WEEK,PLAN,24200.0,w50
103,32000002,7101,2026-12-14,WEEK,PLAN,0.0,w51
104,32000002,7101,2026-12-21,WEEK,PLAN,0.0,w52
105,32000003,7101,2025-12-29,WEEK,PLAN,9780.0,w01
106,32000003,7101,2026-01-05,WEEK,PLAN,0.0,w02
107,32000003,7101,2026-01-12,WEEK,PLAN,0.0,w03
108,32000003,7101,2026-01-19,WEEK,PLAN,9707.0,w04
109,32000003,7101,2026-01-26,WEEK,PLAN,0.0,w05
110,32000003,7101,2026-02-02,WEEK,PLAN,0.0,w06
111,32000003,7101,2026-02-09,WEEK,PLAN,12679.0,w07
112,32000003,7101,2026-02-16,WEEK,PLAN,0.0,w08
113,32000003,7101,2026-02-23,WEEK,PLAN,0.0,w09
114,32000003,7101,2026-03-02,WEEK,PLAN,13799.0,w10
115,32000003,7101,2026-03-09,WEEK,PLAN,0.0,w11
116,32000003,7101,2026-03-16,WEEK,PLAN,0.0,w12
117,32000003,7101,2026-03-23,WEEK,PLAN,16969.0,w13
118,32000003,7101,2026-03-30,WEEK,PLAN,0.0,w14
119,32000003,7101,2026-04-06,WEEK,PLAN,0.0,w15
120,32000003,7101,2026-04-13,WEEK,PLAN,16055.0,w16
121,32000003,7101,2026-04-20,WEEK,PLAN,0.0,w17
122,32000003,7101,2026-04-27,WEEK,PLAN,0.0,w18
123,32000003,7101,2026-05-04,WEEK,PLAN,11904.0,w19
124,32000003,7101,2026-05-11,WEEK,PLAN,0.0,w20
125,32000003,7101,2026-05-18,WEEK,PLAN,0.0,w21
126,32000003,7101,2026-05-25,WEEK,PLAN,9624.0,w22
127,32000003,7101,2026-06-01,WEEK,PLAN,0.0,w23
128,32000003,7101,2026-06-08,WEEK,PLAN,0.0,w24
129,32000003,7101,2026-06-15,WEEK,PLAN,11069.0,w25
130,32000003,7101,2026-06-22,WEEK,PLAN,0.0,w26
131,32000003,7101,2026-06-29,WEEK,PLAN,0.0,w27
132,32000003,7101,2026-07-06,WEEK,PLAN,8994.0,w28
133,32000003,7101,2026-07-13,WEEK,PLAN,0.0,w29
134,32000003,7101,2026-07-20,WEEK,PLAN,0.0,w30
135,32000003,7101,2026-07-27,WEEK,PLAN,11617.0,w31
136,32000003,7101,2026-08-03,WEEK,PLAN,0.0,w32
137,32000003,7101,2026-08-10,WEEK,PLAN,0.0,w33
138,32000003,7101,2026-08-17,WEEK,PLAN,10459.0,w34
139,32000003,7101,2026-08-24,WEEK,PLAN,0.0,w35
140,32000003,7101,2026-08-31,WEEK,PLAN,0.0,w36
141,32000003,7101,2026-09-07,WEEK,PLAN,12373.0,w37
142,32000003,7101,2026-09-14,WEEK,PLAN,0.0,w38
143,32000003,7101,2026-09-21,WEEK,PLAN,0.0,w39
144,32000003,7101,2026-09-28,WEEK,PLAN,10093.0,w40
145,32000003,7101,2026-10-05,WEEK,PLAN,0.0,w41
146,32000003,7101,2026-10-12,WEEK,PLAN,0.0,w42
147,32000003,7101,2026-10-19,WEEK,PLAN,13902.0,w43
148,32000003,7101,2026-10-26,WEEK,PLAN,0.0,w44
149,32000003,7101,2026-11-02,WEEK,PLAN,0.0,w45
150,32000003,7101,2026-11-09,WEEK,PLAN,14040.0,w46
151,32000003,7101,2026-11-16,WEEK,PLAN,0.0,w47
152,32000003,7101,2026-11-23,WEEK,PLAN,0.0,w48
153,32000003,7101,2026-11-30,WEEK,PLAN,11415.0,w49
154,32000003,7101,2026-12-07,WEEK,PLAN,0.0,w50
155,32000003,7101,2026-12-14,WEEK,PLAN,0.0,w51
156,32000003,7101,2026-12-21,WEEK,PLAN,9506.0,w52
157,32000004,7101,2025-12-29,WEEK,PLAN,0.0,w01
158,32000004,7101,2026-01-05,WEEK,PLAN,0.0,w02
159,32000004,7101,2026-01-12,WEEK,PLAN,26429.0,w03
160,32000004,7101,2026-01-19,WEEK,PLAN,0.0,w04
161,32000004,7101,2026-01-26,WEEK,PLAN,0.0,w05
162,32000004,7101,2026-02-02,WEEK,PLAN,30452.0,w06
163,32000004,7101,2026-02-09,WEEK,PLAN,0.0,w07
164,32000004,7101,2026-02-16,WEEK,PLAN,0.0,w08
165,32000004,7101,2026-02-23,WEEK,PLAN,26561.0,w09
166,32000004,7101,2026-03-02,WEEK,PLAN,0.0,w10
167,32000004,7101,2026-03-09,WEEK,PLAN,0.0,w11
168,32000004,7101,2026-03-16,WEEK,PLAN,27058.0,w12
169,32000004,7101,2026-03-23,WEEK,PLAN,0.0,w13
170,32000004,7101,2026-03-30,WEEK,PLAN,0.0,w14
171,32000004,7101,2026-04-06,WEEK,PLAN,25123.0,w15
172,32000004,7101,2026-04-13,WEEK,PLAN,0.0,w16
173,32000004,7101,2026-04-20,WEEK,PLAN,0.0,w17
174,32000004,7101,2026-04-27,WEEK,PLAN,30581.0,w18
175,32000004,7101,2026-05-04,WEEK,PLAN,0.0,w19
176,32000004,7101,2026-05-11,WEEK,PLAN,0.0,w20
177,32000004,7101,2026-05-18,WEEK,PLAN,26393.0,w21
178,32000004,7101,2026-05-25,WEEK,PLAN,0.0,w22
179,32000004,7101,2026-06-01,WEEK,PLAN,0.0,w23
180,32000004,7101,2026-06-08,WEEK,PLAN,22818.0,w24
181,32000004,7101,2026-06-15,WEEK,PLAN,0.0,w25
182,32000004,7101,2026-06-22,WEEK,PLAN,0.0,w26
183,32000004,7101,2026-06-29,WEEK,PLAN,19260.0,w27
184,32000004,7101,2026-07-06,WEEK,PLAN,0.0,w28
185,32000004,7101,2026-07-13,WEEK,PLAN,0.0,w29
186,32000004,7101,2026-07-20,WEEK,PLAN,21145.0,w30
187,32000004,7101,2026-07-27,WEEK,PLAN,0.0,w31
188,32000004,7101,2026-08-03,WEEK,PLAN,0.0,w32
189,32000004,7101,2026-08-10,WEEK,PLAN,23760.0,w33
190,32000004,7101,2026-08-17,WEEK,PLAN,0.0,w34
191,32000004,7101,2026-08-24,WEEK,PLAN,0.0,w35
192,32000004,7101,2026-08-31,WEEK,PLAN,24038.0,w36
193,32000004,7101,2026-09-07,WEEK,PLAN,0.0,w37
194,32000004,7101,2026-09-14,WEEK,PLAN,0.0,w38
195,32000004,7101,2026-09-21,WEEK,PLAN,31821.0,w39
196,32000004,7101,2026-09-28,WEEK,PLAN,0.0,w40
197,32000004,7101,2026-10-05,WEEK,PLAN,0.0,w41
198,32000004,7101,2026-10-12,WEEK,PLAN,24130.0,w42
199,32000004,7101,2026-10-19,WEEK,PLAN,0.0,w43
200,32000004,7101,2026-10-26,WEEK,PLAN,0.0,w44
201,32000004,7101,2026-11-02,WEEK,PLAN,33297.0,w45
202,32000004,7101,2026-11-09,WEEK,PLAN,0.0,w46
203,32000004,7101,2026-11-16,WEEK,PLAN,0.0,w47
204,32000004,7101,2026-11-23,WEEK,PLAN,31208.0,w48
205,32000004,7101,2026-11-30,WEEK,PLAN,0.0,w49
206,32000004,7101,2026-12-07,WEEK,PLAN,0.0,w50
207,32000004,7101,2026-12-14,WEEK,PLAN,23355.0,w51
208,32000004,7101,2026-12-21,WEEK,PLAN,0.0,w52
209,32000005,7101,2025-12-29,WEEK,PLAN,0.0,w01
210,32000005,7101,2026-01-05,WEEK,PLAN,17386.0,w02
211,32000005,7101,2026-01-12,WEEK,PLAN,0.0,w03
212,32000005,7101,2026-01-19,WEEK,PLAN,0.0,w04
213,32000005,7101,2026-01-26,WEEK,PLAN,18942.0,w05
214,32000005,7101,2026-02-02,WEEK,PLAN,0.0,w06
215,32000005,7101,2026-02-09,WEEK,PLAN,0.0,w07
216,32000005,7101,2026-02-16,WEEK,PLAN,21112.0,w08
217,32000005,7101,2026-02-23,WEEK,PLAN,0.0,w09
218,32000005,7101,2026-03-02,WEEK,PLAN,0.0,w10
219,32000005,7101,2026-03-09,WEEK,PLAN,17547.0,w11
220,32000005,7101,2026-03-16,WEEK,PLAN,0.0,w12
221,32000005,7101,2026-03-23,WEEK,PLAN,0.0,w13
222,32000005,7101,2026-03-30,WEEK,PLAN,17338.0,w14
223,32000005,7101,2026-04-06,WEEK,PLAN,0.0,w15
224,32000005,7101,2026-04-13,WEEK,PLAN,0.0,w16
225,32000005,7101,2026-04-20,WEEK,PLAN,20917.0,w17
226,32000005,7101,2026-04-27,WEEK,PLAN,0.0,w18
227,32000005,7101,2026-05-04,WEEK,PLAN,0.0,w19
228,32000005,7101,2026-05-11,WEEK,PLAN,18114.0,w20
229,32000005,7101,2026-05-18,WEEK,PLAN,0.0,w21
230,32000005,7101,2026-05-25,WEEK,PLAN,0.0,w22
231,32000005,7101,2026-06-01,WEEK,PLAN,13736.0,w23
232,32000005,7101,2026-06-08,WEEK,PLAN,0.0,w24
233,32000005,7101,2026-06-15,WEEK,PLAN,0.0,w25
234,32000005,7101,2026-06-22,WEEK,PLAN,11857.0,w26
235,32000005,7101,2026-06-29,WEEK,PLAN,0.0,w27
236,32000005,7101,2026-07-06,WEEK,PLAN,0.0,w28
237,32000005,7101,2026-07-13,WEEK,PLAN,12158.0,w29
238,32000005,7101,2026-07-20,WEEK,PLAN,0.0,w30
239,32000005,7101,2026-07-27,WEEK,PLAN,0.0,w31
240,32000005,7101,2026-08-03,WEEK,PLAN,17253.0,w32
241,32000005,7101,2026-08-10,WEEK,PLAN,0.0,w33
242,32000005,7101,2026-08-17,WEEK,PLAN,0.0,w34
243,32000005,7101,2026-08-24,WEEK,PLAN,13916.0,w35
244,32000005,7101,2026-08-31,WEEK,PLAN,0.0,w36
245,32000005,7101,2026-09-07,WEEK,PLAN,0.0,w37
246,32000005,7101,2026-09-14,WEEK,PLAN,15967.0,w38
247,32000005,7101,2026-09-21,WEEK,PLAN,0.0,w39
248,32000005,7101,2026-09-28,WEEK,PLAN,0.0,w40
249,32000005,7101,2026-10-05,WEEK,PLAN,16268.0,w41
250,32000005,7101,2026-10-12,WEEK,PLAN,0.0,w42
251,32000005,7101,2026-10-19,WEEK,PLAN,0.0,w43
252,32000005,7101,2026-10-26,WEEK,PLAN,18291.0,w44
253,32000005,7101,2026-11-02,WEEK,PLAN,0.0,w45
254,32000005,7101,2026-11-09,WEEK,PLAN,0.0,w46
255,32000005,7101,2026-11-16,WEEK,PLAN,17303.0,w47
256,32000005,7101,2026-11-23,WEEK,PLAN,0.0,w48
257,32000005,7101,2026-11-30,WEEK,PLAN,0.0,w49
258,32000005,7101,2026-12-07,WEEK,PLAN,16076.0,w50
259,32000005,7101,2026-12-14,WEEK,PLAN,0.0,w51
260,32000005,7101,2026-12-21,WEEK,PLAN,0.0,w52
261,32000006,7101,2025-12-29,WEEK,PLAN,15477.0,w01
262,32000006,7101,2026-01-05,WEEK,PLAN,0.0,w02
263,32000006,7101,2026-01-12,WEEK,PLAN,0.0,w03
264,32000006,7101,2026-01-19,WEEK,PLAN,21193.0,w04
265,32000006,7101,2026-01-26,WEEK,PLAN,0.0,w05
266,32000006,7101,2026-02-02,WEEK,PLAN,0.0,w06
267,32000006,7101,2026-02-09,WEEK,PLAN,18450.0,w07
268,32000006,7101,2026-02-16,WEEK,PLAN,0.0,w08
269,32000006,7101,2026-02-23,WEEK,PLAN,0.0,w09
270,32000006,7101,2026-03-02,WEEK,PLAN,24911.0,w10
271,32000006,7101,2026-03-09,WEEK,PLAN,0.0,w11
272,32000006,7101,2026-03-16,WEEK,PLAN,0.0,w12
273,32000006,7101,2026-03-23,WEEK,PLAN,29450.0,w13
274,32000006,7101,2026-03-30,WEEK,PLAN,0.0,w14
275,32000006,7101,2026-04-06,WEEK,PLAN,0.0,w15
276,32000006,7101,2026-04-13,WEEK,PLAN,25034.0,w16
277,32000006,7101,2026-04-20,WEEK,PLAN,0.0,w17
278,32000006,7101,2026-04-27,WEEK,PLAN,0.0,w18
279,32000006,7101,2026-05-04,WEEK,PLAN,21973.0,w19
280,32000006,7101,2026-05-11,WEEK,PLAN,0.0,w20
281,32000006,7101,2026-05-18,WEEK,PLAN,0.0,w21
282,32000006,7101,2026-05-25,WEEK,PLAN,17130.0,w22
283,32000006,7101,2026-06-01,WEEK,PLAN,0.0,w23
284,32000006,7101,2026-06-08,WEEK,PLAN,0.0,w24
285,32000006,7101,2026-06-15,WEEK,PLAN,15793.0,w25
286,32000006,7101,2026-06-22,WEEK,PLAN,0.0,w26
287,32000006,7101,2026-06-29,WEEK,PLAN,0.0,w27
288,32000006,7101,2026-07-06,WEEK,PLAN,18155.0,w28
289,32000006,7101,2026-07-13,WEEK,PLAN,0.0,w29
290,32000006,7101,2026-07-20,WEEK,PLAN,0.0,w30
291,32000006,7101,2026-07-27,WEEK,PLAN,21115.0,w31
292,32000006,7101,2026-08-03,WEEK,PLAN,0.0,w32
293,32000006,7101,2026-08-10,WEEK,PLAN,0.0,w33
294,32000006,7101,2026-08-17,WEEK,PLAN,19710.0,w34
295,32000006,7101,2026-08-24,WEEK,PLAN,0.0,w35
296,32000006,7101,2026-08-31,WEEK,PLAN,0.0,w36
297,32000006,7101,2026-09-07,WEEK,PLAN,20266.0,w37
298,32000006,7101,2026-09-14,WEEK,PLAN,0.0,w38
299,32000006,7101,2026-09-21,WEEK,PLAN,0.0,w39
300,32000006,7101,2026-09-28,WEEK,PLAN,22714.0,w40
301,32000006,7101,2026-10-05,WEEK,PLAN,0.0,w41
302,32000006,7101,2026-10-12,WEEK,PLAN,0.0,w42
303,32000006,7101,2026-10-19,WEEK,PLAN,22294.0,w43
304,32000006,7101,2026-10-26,WEEK,PLAN,0.0,w44
305,32000006,7101,2026-11-02,WEEK,PLAN,0.0,w45
306,32000006,7101,2026-11-09,WEEK,PLAN,20045.0,w46
307,32000006,7101,2026-11-16,WEEK,PLAN,0.0,w47
308,32000006,7101,2026-11-23,WEEK,PLAN,0.0,w48
309,32000006,7101,2026-11-30,WEEK,PLAN,19336.0,w49
310,32000006,7101,2026-12-07,WEEK,PLAN,0.0,w50
311,32000006,7101,2026-12-14,WEEK,PLAN,0.0,w51
312,32000006,7101,2026-12-21,WEEK,PLAN,22419.0,w52
313,32000007,7101,2025-12-29,WEEK,PLAN,0.0,w01
314,32000007,7101,2026-01-05,WEEK,PLAN,0.0,w02
315,32000007,7101,2026-01-12,WEEK,PLAN,13054.0,w03
316,32000007,7101,2026-01-19,WEEK,PLAN,0.0,w04
317,32000007,7101,2026-01-26,WEEK,PLAN,0.0,w05
318,32000007,7101,2026-02-02,WEEK,PLAN,17892.0,w06
319,32000007,7101,2026-02-09,WEEK,PLAN,0.0,w07
320,32000007,7101,2026-02-16,WEEK,PLAN,0.0,w08
321,32000007,7101,2026-02-23,WEEK,PLAN,16517.0,w09
322,32000007,7101,2026-03-02,WEEK,PLAN,0.0,w10
323,32000007,7101,2026-03-09,WEEK,PLAN,0.0,w11
324,32000007,7101,2026-03-16,WEEK,PLAN,20660.0,w12
325,32000007,7101,2026-03-23,WEEK,PLAN,0.0,w13
326,32000007,7101,2026-03-30,WEEK,PLAN,0.0,w14
327,32000007,7101,2026-04-06,WEEK,PLAN,16332.0,w15
328,32000007,7101,2026-04-13,WEEK,PLAN,0.0,w16
329,32000007,7101,2026-04-20,WEEK,PLAN,0.0,w17
330,32000007,7101,2026-04-27,WEEK,PLAN,17724.0,w18
331,32000007,7101,2026-05-04,WEEK,PLAN,0.0,w19
332,32000007,7101,2026-05-11,WEEK,PLAN,0.0,w20
333,32000007,7101,2026-05-18,WEEK,PLAN,17512.0,w21
334,32000007,7101,2026-05-25,WEEK,PLAN,0.0,w22
335,32000007,7101,2026-06-01,WEEK,PLAN,0.0,w23
336,32000007,7101,2026-06-08,WEEK,PLAN,13140.0,w24
337,32000007,7101,2026-06-15,WEEK,PLAN,0.0,w25
338,32000007,7101,2026-06-22,WEEK,PLAN,0.0,w26
339,32000007,7101,2026-06-29,WEEK,PLAN,14498.0,w27
340,32000007,7101,2026-07-06,WEEK,PLAN,0.0,w28
341,32000007,7101,2026-07-13,WEEK,PLAN,0.0,w29
342,32000007,7101,2026-07-20,WEEK,PLAN,15570.0,w30
343,32000007,7101,2026-07-27,WEEK,PLAN,0.0,w31
344,32000007,7101,2026-08-03,WEEK,PLAN,0.0,w32
345,32000007,7101,2026-08-10,WEEK,PLAN,16858.0,w33
346,32000007,7101,2026-08-17,WEEK,PLAN,0.0,w34
347,32000007,7101,2026-08-24,WEEK,PLAN,0.0,w35
348,32000007,7101,2026-08-31,WEEK,PLAN,13424.0,w36
349,32000007,7101,2026-09-07,WEEK,PLAN,0.0,w37
350,32000007,7101,2026-09-14,WEEK,PLAN,0.0,w38
351,32000007,7101,2026-09-21,WEEK,PLAN,15897.0,w39
352,32000007,7101,2026-09-28,WEEK,PLAN,0.0,w40
353,32000007,7101,2026-10-05,WEEK,PLAN,0.0,w41
354,32000007,7101,2026-10-12,WEEK,PLAN,15235.0,w42
355,32000007,7101,2026-10-19,WEEK,PLAN,0.0,w43
356,32000007,7101,2026-10-26,WEEK,PLAN,0.0,w44
357,32000007,7101,2026-11-02,WEEK,PLAN,23236.0,w45
358,32000007,7101,2026-11-09,WEEK,PLAN,0.0,w46
359,32000007,7101,2026-11-16,WEEK,PLAN,0.0,w47
360,32000007,7101,2026-11-23,WEEK,PLAN,23955.0,w48
361,32000007,7101,2026-11-30,WEEK,PLAN,0.0,w49
362,32000007,7101,2026-12-07,WEEK,PLAN,0.0,w50
363,32000007,7101,2026-12-14,WEEK,PLAN,15329.0,w51
364,32000007,7101,2026-12-21,WEEK,PLAN,0.0,w52
365,32000008,7101,2025-12-29,WEEK,PLAN,0.0,w01
366,32000008,7101,2026-01-05,WEEK,PLAN,13904.0,w02
367,32000008,7101,2026-01-12,WEEK,PLAN,0.0,w03
368,32000008,7101,2026-01-19,WEEK,PLAN,0.0,w04
369,32000008,7101,2026-01-26,WEEK,PLAN,13514.0,w05
370,32000008,7101,2026-02-02,WEEK,PLAN,0.0,w06
371,32000008,7101,2026-02-09,WEEK,PLAN,0.0,w07
372,32000008,7101,2026-02-16,WEEK,PLAN,14083.0,w08
373,32000008,7101,2026-02-23,WEEK,PLAN,0.0,w09
374,32000008,7101,2026-03-02,WEEK,PLAN,0.0,w10
375,32000008,7101,2026-03-09,WEEK,PLAN,13142.0,w11
376,32000008,7101,2026-03-16,WEEK,PLAN,0.0,w12
377,32000008,7101,2026-03-23,WEEK,PLAN,0.0,w13
378,32000008,7101,2026-03-30,WEEK,PLAN,17507.0,w14
379,32000008,7101,2026-04-06,WEEK,PLAN,0.0,w15
380,32000008,7101,2026-04-13,WEEK,PLAN,0.0,w16
381,32000008,7101,2026-04-20,WEEK,PLAN,12364.0,w17
382,32000008,7101,2026-04-27,WEEK,PLAN,0.0,w18
383,32000008,7101,2026-05-04,WEEK,PLAN,0.0,w19
384,32000008,7101,2026-05-11,WEEK,PLAN,15206.0,w20
385,32000008,7101,2026-05-18,WEEK,PLAN,0.0,w21
386,32000008,7101,2026-05-25,WEEK,PLAN,0.0,w22
387,32000008,7101,2026-06-01,WEEK,PLAN,12921.0,w23
388,32000008,7101,2026-06-08,WEEK,PLAN,0.0,w24
389,32000008,7101,2026-06-15,WEEK,PLAN,0.0,w25
390,32000008,7101,2026-06-22,WEEK,PLAN,11909.0,w26
391,32000008,7101,2026-06-29,WEEK,PLAN,0.0,w27
392,32000008,7101,2026-07-06,WEEK,PLAN,0.0,w28
393,32000008,7101,2026-07-13,WEEK,PLAN,9055.0,w29
394,32000008,7101,2026-07-20,WEEK,PLAN,0.0,w30
395,32000008,7101,2026-07-27,WEEK,PLAN,0.0,w31
396,32000008,7101,2026-08-03,WEEK,PLAN,10405.0,w32
397,32000008,7101,2026-08-10,WEEK,PLAN,0.0,w33
398,32000008,7101,2026-08-17,WEEK,PLAN,0.0,w34
399,32000008,7101,2026-08-24,WEEK,PLAN,10986.0,w35
400,32000008,7101,2026-08-31,WEEK,PLAN,0.0,w36
401,32000008,7101,2026-09-07,WEEK,PLAN,0.0,w37
402,32000008,7101,2026-09-14,WEEK,PLAN,12393.0,w38
403,32000008,7101,2026-09-21,WEEK,PLAN,0.0,w39
404,32000008,7101,2026-09-28,WEEK,PLAN,0.0,w40
405,32000008,7101,2026-10-05,WEEK,PLAN,11617.0,w41
406,32000008,7101,2026-10-12,WEEK,PLAN,0.0,w42
407,32000008,7101,2026-10-19,WEEK,PLAN,0.0,w43
408,32000008,7101,2026-10-26,WEEK,PLAN,17546.0,w44
409,32000008,7101,2026-11-02,WEEK,PLAN,0.0,w45
410,32000008,7101,2026-11-09,WEEK,PLAN,0.0,w46
411,32000008,7101,2026-11-16,WEEK,PLAN,16436.0,w47
412,32000008,7101,2026-11-23,WEEK,PLAN,0.0,w48
413,32000008,7101,2026-11-30,WEEK,PLAN,0.0,w49
414,32000008,7101,2026-12-07,WEEK,PLAN,11200.0,w50
415,32000008,7101,2026-12-14,WEEK,PLAN,0.0,w51
416,32000008,7101,2026-12-21,WEEK,PLAN,0.0,w52
417,32000009,7102,2025-12-29,WEEK,PLAN,14160.0,w01
418,32000009,7102,2026-01-05,WEEK,PLAN,0.0,w02
419,32000009,7102,2026-01-12,WEEK,PLAN,0.0,w03
420,32000009,7102,2026-01-19,WEEK,PLAN,14467.0,w04
421,32000009,7102,2026-01-26,WEEK,PLAN,0.0,w05
422,32000009,7102,2026-02-02,WEEK,PLAN,0.0,w06
423,32000009,7102,2026-02-09,WEEK,PLAN,16946.0,w07
424,32000009,7102,2026-02-16,WEEK,PLAN,0.0,w08
425,32000009,7102,2026-02-23,WEEK,PLAN,0.0,w09
426,32000009,7102,2026-03-02,WEEK,PLAN,19352.0,w10
427,32000009,7102,2026-03-09,WEEK,PLAN,0.0,w11
428,32000009,7102,2026-03-16,WEEK,PLAN,0.0,w12
429,32000009,7102,2026-03-23,WEEK,PLAN,23432.0,w13
430,32000009,7102,2026-03-30,WEEK,PLAN,0.0,w14
431,32000009,7102,2026-04-06,WEEK,PLAN,0.0,w15
432,32000009,7102,2026-04-13,WEEK,PLAN,18464.0,w16
433,32000009,7102,2026-04-20,WEEK,PLAN,0.0,w17
434,32000009,7102,2026-04-27,WEEK,PLAN,0.0,w18
435,32000009,7102,2026-05-04,WEEK,PLAN,20472.0,w19
436,32000009,7102,2026-05-11,WEEK,PLAN,0.0,w20
437,32000009,7102,2026-05-18,WEEK,PLAN,0.0,w21
438,32000009,7102,2026-05-25,WEEK,PLAN,16602.0,w22
439,32000009,7102,2026-06-01,WEEK,PLAN,0.0,w23
440,32000009,7102,2026-06-08,WEEK,PLAN,0.0,w24
441,32000009,7102,2026-06-15,WEEK,PLAN,11705.0,w25
442,32000009,7102,2026-06-22,WEEK,PLAN,0.0,w26
443,32000009,7102,2026-06-29,WEEK,PLAN,0.0,w27
444,32000009,7102,2026-07-06,WEEK,PLAN,15683.0,w28
445,32000009,7102,2026-07-13,WEEK,PLAN,0.0,w29
446,32000009,7102,2026-07-20,WEEK,PLAN,0.0,w30
447,32000009,7102,2026-07-27,WEEK,PLAN,11571.0,w31
448,32000009,7102,2026-08-03,WEEK,PLAN,0.0,w32
449,32000009,7102,2026-08-10,WEEK,PLAN,0.0,w33
450,32000009,7102,2026-08-17,WEEK,PLAN,16398.0,w34
451,32000009,7102,2026-08-24,WEEK,PLAN,0.0,w35
452,32000009,7102,2026-08-31,WEEK,PLAN,0.0,w36
453,32000009,7102,2026-09-07,WEEK,PLAN,14762.0,w37
454,32000009,7102,2026-09-14,WEEK,PLAN,0.0,w38
455,32000009,7102,2026-09-21,WEEK,PLAN,0.0,w39
456,32000009,7102,2026-09-28,WEEK,PLAN,18814.0,w40
457,32000009,7102,2026-10-05,WEEK,PLAN,0.0,w41
458,32000009,7102,2026-10-12,WEEK,PLAN,0.0,w42
459,32000009,7102,2026-10-19,WEEK,PLAN,20451.0,w43
460,32000009,7102,2026-10-26,WEEK,PLAN,0.0,w44
461,32000009,7102,2026-11-02,WEEK,PLAN,0.0,w45
462,32000009,7102,2026-11-09,WEEK,PLAN,21661.0,w46
463,32000009,7102,2026-11-16,WEEK,PLAN,0.0,w47
464,32000009,7102,2026-11-23,WEEK,PLAN,0.0,w48
465,32000009,7102,2026-11-30,WEEK,PLAN,16565.0,w49
466,32000009,7102,2026-12-07,WEEK,PLAN,0.0,w50
467,32000009,7102,2026-12-14,WEEK,PLAN,0.0,w51
468,32000009,7102,2026-12-21,WEEK,PLAN,13595.0,w52
469,32000010,7102,2025-12-29,WEEK,PLAN,0.0,w01
470,32000010,7102,2026-01-05,WEEK,PLAN,0.0,w02
471,32000010,7102,2026-01-12,WEEK,PLAN,10308.0,w03
472,32000010,7102,2026-01-19,WEEK,PLAN,0.0,w04
473,32000010,7102,2026-01-26,WEEK,PLAN,0.0,w05
474,32000010,7102,2026-02-02,WEEK,PLAN,13166.0,w06
475,32000010,7102,2026-02-09,WEEK,PLAN,0.0,w07
476,32000010,7102,2026-02-16,WEEK,PLAN,0.0,w08
477,32000010,7102,2026-02-23,WEEK,PLAN,13482.0,w09
478,32000010,7102,2026-03-02,WEEK,PLAN,0.0,w10
479,32000010,7102,2026-03-09,WEEK,PLAN,0.0,w11
480,32000010,7102,2026-03-16,WEEK,PLAN,18193.0,w12
481,32000010,7102,2026-03-23,WEEK,PLAN,0.0,w13
482,32000010,7102,2026-03-30,WEEK,PLAN,0.0,w14
483,32000010,7102,2026-04-06,WEEK,PLAN,15179.0,w15
484,32000010,7102,2026-04-13,WEEK,PLAN,0.0,w16
485,32000010,7102,2026-04-20,WEEK,PLAN,0.0,w17
486,32000010,7102,2026-04-27,WEEK,PLAN,17909.0,w18
487,32000010,7102,2026-05-04,WEEK,PLAN,0.0,w19
488,32000010,7102,2026-05-11,WEEK,PLAN,0.0,w20
489,32000010,7102,2026-05-18,WEEK,PLAN,13857.0,w21
490,32000010,7102,2026-05-25,WEEK,PLAN,0.0,w22
491,32000010,7102,2026-06-01,WEEK,PLAN,0.0,w23
492,32000010,7102,2026-06-08,WEEK,PLAN,13145.0,w24
493,32000010,7102,2026-06-15,WEEK,PLAN,0.0,w25
494,32000010,7102,2026-06-22,WEEK,PLAN,0.0,w26
495,32000010,7102,2026-06-29,WEEK,PLAN,9516.0,w27
496,32000010,7102,2026-07-06,WEEK,PLAN,0.0,w28
497,32000010,7102,2026-07-13,WEEK,PLAN,0.0,w29
498,32000010,7102,2026-07-20,WEEK,PLAN,13191.0,w30
499,32000010,7102,2026-07-27,WEEK,PLAN,0.0,w31
500,32000010,7102,2026-08-03,WEEK,PLAN,0.0,w32
501,32000010,7102,2026-08-10,WEEK,PLAN,13919.0,w33
502,32000010,7102,2026-08-17,WEEK,PLAN,0.0,w34
503,32000010,7102,2026-08-24,WEEK,PLAN,0.0,w35
504,32000010,7102,2026-08-31,WEEK,PLAN,12403.0,w36
505,32000010,7102,2026-09-07,WEEK,PLAN,0.0,w37
506,32000010,7102,2026-09-14,WEEK,PLAN,0.0,w38
507,32000010,7102,2026-09-21,WEEK,PLAN,14320.0,w39
508,32000010,7102,2026-09-28,WEEK,PLAN,0.0,w40
509,32000010,7102,2026-10-05,WEEK,PLAN,0.0,w41
510,32000010,7102,2026-10-12,WEEK,PLAN,16327.0,w42
511,32000010,7102,2026-10-19,WEEK,PLAN,0.0,w43
512,32000010,7102,2026-10-26,WEEK,PLAN,0.0,w44
513,32000010,7102,2026-11-02,WEEK,PLAN,13814.0,w45
514,32000010,7102,2026-11-09,WEEK,PLAN,0.0,w46
515,32000010,7102,2026-11-16,WEEK,PLAN,0.0,w47
516,32000010,7102,2026-11-23,WEEK,PLAN,16852.0,w48
517,32000010,7102,2026-11-30,WEEK,PLAN,0.0,w49
518,32000010,7102,2026-12-07,WEEK,PLAN,0.0,w50
519,32000010,7102,2026-12-14,WEEK,PLAN,11947.0,w51
520,32000010,7102,2026-12-21,WEEK,PLAN,0.0,w52
521,32000011,7102,2025-12-29,WEEK,PLAN,0.0,w01
522,32000011,7102,2026-01-05,WEEK,PLAN,9528.0,w02
523,32000011,7102,2026-01-12,WEEK,PLAN,0.0,w03
524,32000011,7102,2026-01-19,WEEK,PLAN,0.0,w04
525,32000011,7102,2026-01-26,WEEK,PLAN,10999.0,w05
526,32000011,7102,2026-02-02,WEEK,PLAN,0.0,w06
527,32000011,7102,2026-02-09,WEEK,PLAN,0.0,w07
528,32000011,7102,2026-02-16,WEEK,PLAN,13478.0,w08
529,32000011,7102,2026-02-23,WEEK,PLAN,0.0,w09
530,32000011,7102,2026-03-02,WEEK,PLAN,0.0,w10
531,32000011,7102,2026-03-09,WEEK,PLAN,16342.0,w11
532,32000011,7102,2026-03-16,WEEK,PLAN,0.0,w12
533,32000011,7102,2026-03-23,WEEK,PLAN,0.0,w13
534,32000011,7102,2026-03-30,WEEK,PLAN,11016.0,w14
535,32000011,7102,2026-04-06,WEEK,PLAN,0.0,w15
536,32000011,7102,2026-04-13,WEEK,PLAN,0.0,w16
537,32000011,7102,2026-04-20,WEEK,PLAN,13881.0,w17
538,32000011,7102,2026-04-27,WEEK,PLAN,0.0,w18
539,32000011,7102,2026-05-04,WEEK,PLAN,0.0,w19
540,32000011,7102,2026-05-11,WEEK,PLAN,10874.0,w20
541,32000011,7102,2026-05-18,WEEK,PLAN,0.0,w21
542,32000011,7102,2026-05-25,WEEK,PLAN,0.0,w22
543,32000011,7102,2026-06-01,WEEK,PLAN,9477.0,w23
544,32000011,7102,2026-06-08,WEEK,PLAN,0.0,w24
545,32000011,7102,2026-06-15,WEEK,PLAN,0.0,w25
546,32000011,7102,2026-06-22,WEEK,PLAN,10385.0,w26
547,32000011,7102,2026-06-29,WEEK,PLAN,0.0,w27
548,32000011,7102,2026-07-06,WEEK,PLAN,0.0,w28
549,32000011,7102,2026-07-13,WEEK,PLAN,11268.0,w29
550,32000011,7102,2026-07-20,WEEK,PLAN,0.0,w30
551,32000011,7102,2026-07-27,WEEK,PLAN,0.0,w31
552,32000011,7102,2026-08-03,WEEK,PLAN,11521.0,w32
553,32000011,7102,2026-08-10,WEEK,PLAN,0.0,w33
554,32000011,7102,2026-08-17,WEEK,PLAN,0.0,w34
555,32000011,7102,2026-08-24,WEEK,PLAN,10773.0,w35
556,32000011,7102,2026-08-31,WEEK,PLAN,0.0,w36
557,32000011,7102,2026-09-07,WEEK,PLAN,0.0,w37
558,32000011,7102,2026-09-14,WEEK,PLAN,10609.0,w38
559,32000011,7102,2026-09-21,WEEK,PLAN,0.0,w39
560,32000011,7102,2026-09-28,WEEK,PLAN,0.0,w40
561,32000011,7102,2026-10-05,WEEK,PLAN,13435.0,w41
562,32000011,7102,2026-10-12,WEEK,PLAN,0.0,w42
563,32000011,7102,2026-10-19,WEEK,PLAN,0.0,w43
564,32000011,7102,2026-10-26,WEEK,PLAN,11424.0,w44
565,32000011,7102,2026-11-02,WEEK,PLAN,0.0,w45
566,32000011,7102,2026-11-09,WEEK,PLAN,0.0,w46
567,32000011,7102,2026-11-16,WEEK,PLAN,14146.0,w47
568,32000011,7102,2026-11-23,WEEK,PLAN,0.0,w48
569,32000011,7102,2026-11-30,WEEK,PLAN,0.0,w49
570,32000011,7102,2026-12-07,WEEK,PLAN,9829.0,w50
571,32000011,7102,2026-12-14,WEEK,PLAN,0.0,w51
572,32000011,7102,2026-12-21,WEEK,PLAN,0.0,w52
573,32000012,7102,2025-12-29,WEEK,PLAN,14822.0,w01
574,32000012,7102,2026-01-05,WEEK,PLAN,0.0,w02
575,32000012,7102,2026-01-12,WEEK,PLAN,0.0,w03
576,32000012,7102,2026-01-19,WEEK,PLAN,12425.0,w04
577,32000012,7102,2026-01-26,WEEK,PLAN,0.0,w05
578,32000012,7102,2026-02-02,WEEK,PLAN,0.0,w06
579,32000012,7102,2026-02-09,WEEK,PLAN,13358.0,w07
580,32000012,7102,2026-02-16,WEEK,PLAN,0.0,w08
581,32000012,7102,2026-02-23,WEEK,PLAN,0.0,w09
582,32000012,7102,2026-03-02,WEEK,PLAN,21228.0,w10
583,32000012,7102,2026-03-09,WEEK,PLAN,0.0,w11
584,32000012,7102,2026-03-16,WEEK,PLAN,0.0,w12
585,32000012,7102,2026-03-23,WEEK,PLAN,15696.0,w13
586,32000012,7102,2026-03-30,WEEK,PLAN,0.0,w14
587,32000012,7102,2026-04-06,WEEK,PLAN,0.0,w15
588,32000012,7102,2026-04-13,WEEK,PLAN,17443.0,w16
589,32000012,7102,2026-04-20,WEEK,PLAN,0.0,w17
590,32000012,7102,2026-04-27,WEEK,PLAN,0.0,w18
591,32000012,7102,2026-05-04,WEEK,PLAN,14159.0,w19
592,32000012,7102,2026-05-11,WEEK,PLAN,0.0,w20
593,32000012,7102,2026-05-18,WEEK,PLAN,0.0,w21
594,32000012,7102,2026-05-25,WEEK,PLAN,11039.0,w22
595,32000012,7102,2026-06-01,WEEK,PLAN,0.0,w23
596,32000012,7102,2026-06-08,WEEK,PLAN,0.0,w24
597,32000012,7102,2026-06-15,WEEK,PLAN,10123.0,w25
598,32000012,7102,2026-06-22,WEEK,PLAN,0.0,w26
599,32000012,7102,2026-06-29,WEEK,PLAN,0.0,w27
600,32000012,7102,2026-07-06,WEEK,PLAN,10844.0,w28
601,32000012,7102,2026-07-13,WEEK,PLAN,0.0,w29
602,32000012,7102,2026-07-20,WEEK,PLAN,0.0,w30
603,32000012,7102,2026-07-27,WEEK,PLAN,14910.0,w31
604,32000012,7102,2026-08-03,WEEK,PLAN,0.0,w32
605,32000012,7102,2026-08-10,WEEK,PLAN,0.0,w33
606,32000012,7102,2026-08-17,WEEK,PLAN,12414.0,w34
607,32000012,7102,2026-08-24,WEEK,PLAN,0.0,w35
608,32000012,7102,2026-08-31,WEEK,PLAN,0.0,w36
609,32000012,7102,2026-09-07,WEEK,PLAN,17340.0,w37
610,32000012,7102,2026-09-14,WEEK,PLAN,0.0,w38
611,32000012,7102,2026-09-21,WEEK,PLAN,0.0,w39
612,32000012,7102,2026-09-28,WEEK,PLAN,15829.0,w40
613,32000012,7102,2026-10-05,WEEK,PLAN,0.0,w41
614,32000012,7102,2026-10-12,WEEK,PLAN,0.0,w42
615,32000012,7102,2026-10-19,WEEK,PLAN,16266.0,w43
616,32000012,7102,2026-10-26,WEEK,PLAN,0.0,w44
617,32000012,7102,2026-11-02,WEEK,PLAN,0.0,w45
618,32000012,7102,2026-11-09,WEEK,PLAN,18696.0,w46
619,32000012,7102,2026-11-16,WEEK,PLAN,0.0,w47
620,32000012,7102,2026-11-23,WEEK,PLAN,0.0,w48
621,32000012,7102,2026-11-30,WEEK,PLAN,14016.0,w49
622,32000012,7102,2026-12-07,WEEK,PLAN,0.0,w50
623,32000012,7102,2026-12-14,WEEK,PLAN,0.0,w51
624,32000012,7102,2026-12-21,WEEK,PLAN,15411.0,w52
625,32000013,7101,2025-12-29,WEEK,PLAN,0.0,w01
626,32000013,7101,2026-01-05,WEEK,PLAN,0.0,w02
627,32000013,7101,2026-01-12,WEEK,PLAN,10820.0,w03
628,32000013,7101,2026-01-19,WEEK,PLAN,0.0,w04
629,32000013,7101,2026-01-26,WEEK,PLAN,0.0,w05
630,32000013,7101,2026-02-02,WEEK,PLAN,12284.0,w06
631,32000013,7101,2026-02-09,WEEK,PLAN,0.0,w07
632,32000013,7101,2026-02-16,WEEK,PLAN,0.0,w08
633,32000013,7101,2026-02-23,WEEK,PLAN,17286.0,w09
634,32000013,7101,2026-03-02,WEEK,PLAN,0.0,w10
635,32000013,7101,2026-03-09,WEEK,PLAN,0.0,w11
636,32000013,7101,2026-03-16,WEEK,PLAN,19017.0,w12
637,32000013,7101,2026-03-23,WEEK,PLAN,0.0,w13
638,32000013,7101,2026-03-30,WEEK,PLAN,0.0,w14
639,32000013,7101,2026-04-06,WEEK,PLAN,17968.0,w15
640,32000013,7101,2026-04-13,WEEK,PLAN,0.0,w16
641,32000013,7101,2026-04-20,WEEK,PLAN,0.0,w17
642,32000013,7101,2026-04-27,WEEK,PLAN,13792.0,w18
643,32000013,7101,2026-05-04,WEEK,PLAN,0.0,w19
644,32000013,7101,2026-05-11,WEEK,PLAN,0.0,w20
645,32000013,7101,2026-05-18,WEEK,PLAN,13933.0,w21
646,32000013,7101,2026-05-25,WEEK,PLAN,0.0,w22
647,32000013,7101,2026-06-01,WEEK,PLAN,0.0,w23
648,32000013,7101,2026-06-08,WEEK,PLAN,10949.0,w24
649,32000013,7101,2026-06-15,WEEK,PLAN,0.0,w25
650,32000013,7101,2026-06-22,WEEK,PLAN,0.0,w26
651,32000013,7101,2026-06-29,WEEK,PLAN,10690.0,w27
652,32000013,7101,2026-07-06,WEEK,PLAN,0.0,w28
653,32000013,7101,2026-07-13,WEEK,PLAN,0.0,w29
654,32000013,7101,2026-07-20,WEEK,PLAN,9602.0,w30
655,32000013,7101,2026-07-27,WEEK,PLAN,0.0,w31
656,32000013,7101,2026-08-03,WEEK,PLAN,0.0,w32
657,32000013,7101,2026-08-10,WEEK,PLAN,11721.0,w33
658,32000013,7101,2026-08-17,WEEK,PLAN,0.0,w34
659,32000013,7101,2026-08-24,WEEK,PLAN,0.0,w35
660,32000013,7101,2026-08-31,WEEK,PLAN,10346.0,w36
661,32000013,7101,2026-09-07,WEEK,PLAN,0.0,w37
662,32000013,7101,2026-09-14,WEEK,PLAN,0.0,w38
663,32000013,7101,2026-09-21,WEEK,PLAN,12167.0,w39
664,32000013,7101,2026-09-28,WEEK,PLAN,0.0,w40
665,32000013,7101,2026-10-05,WEEK,PLAN,0.0,w41
666,32000013,7101,2026-10-12,WEEK,PLAN,16091.0,w42
667,32000013,7101,2026-10-19,WEEK,PLAN,0.0,w43
668,32000013,7101,2026-10-26,WEEK,PLAN,0.0,w44
669,32000013,7101,2026-11-02,WEEK,PLAN,13374.0,w45
670,32000013,7101,2026-11-09,WEEK,PLAN,0.0,w46
671,32000013,7101,2026-11-16,WEEK,PLAN,0.0,w47
672,32000013,7101,2026-11-23,WEEK,PLAN,13203.0,w48
673,32000013,7101,2026-11-30,WEEK,PLAN,0.0,w49
674,32000013,7101,2026-12-07,WEEK,PLAN,0.0,w50
675,32000013,7101,2026-12-14,WEEK,PLAN,9770.0,w51
676,32000013,7101,2026-12-21,WEEK,PLAN,0.0,w52
677,32000014,7101,2025-12-29,WEEK,PLAN,0.0,w01
678,32000014,7101,2026-01-05,WEEK,PLAN,10973.0,w02
679,32000014,7101,2026-01-12,WEEK,PLAN,0.0,w03
680,32000014,7101,2026-01-19,WEEK,PLAN,0.0,w04
681,32000014,7101,2026-01-26,WEEK,PLAN,10237.0,w05
682,32000014,7101,2026-02-02,WEEK,PLAN,0.0,w06
683,32000014,7101,2026-02-09,WEEK,PLAN,0.0,w07
684,32000014,7101,2026-02-16,WEEK,PLAN,9825.0,w08
685,32000014,7101,2026-02-23,WEEK,PLAN,0.0,w09
686,32000014,7101,2026-03-02,WEEK,PLAN,0.0,w10
687,32000014,7101,2026-03-09,WEEK,PLAN,13616.0,w11
688,32000014,7101,2026-03-16,WEEK,PLAN,0.0,w12
689,32000014,7101,2026-03-23,WEEK,PLAN,0.0,w13
690,32000014,7101,2026-03-30,WEEK,PLAN,13740.0,w14
691,32000014,7101,2026-04-06,WEEK,PLAN,0.0,w15
692,32000014,7101,2026-04-13,WEEK,PLAN,0.0,w16
693,32000014,7101,2026-04-20,WEEK,PLAN,10363.0,w17
694,32000014,7101,2026-04-27,WEEK,PLAN,0.0,w18
695,32000014,7101,2026-05-04,WEEK,PLAN,0.0,w19
696,32000014,7101,2026-05-11,WEEK,PLAN,11026.0,w20
697,32000014,7101,2026-05-18,WEEK,PLAN,0.0,w21
698,32000014,7101,2026-05-25,WEEK,PLAN,0.0,w22
699,32000014,7101,2026-06-01,WEEK,PLAN,9805.0,w23
700,32000014,7101,2026-06-08,WEEK,PLAN,0.0,w24
701,32000014,7101,2026-06-15,WEEK,PLAN,0.0,w25
702,32000014,7101,2026-06-22,WEEK,PLAN,8886.0,w26
703,32000014,7101,2026-06-29,WEEK,PLAN,0.0,w27
704,32000014,7101,2026-07-06,WEEK,PLAN,0.0,w28
705,32000014,7101,2026-07-13,WEEK,PLAN,7307.0,w29
706,32000014,7101,2026-07-20,WEEK,PLAN,0.0,w30
707,32000014,7101,2026-07-27,WEEK,PLAN,0.0,w31
708,32000014,7101,2026-08-03,WEEK,PLAN,9973.0,w32
709,32000014,7101,2026-08-10,WEEK,PLAN,0.0,w33
710,32000014,7101,2026-08-17,WEEK,PLAN,0.0,w34
711,32000014,7101,2026-08-24,WEEK,PLAN,9430.0,w35
712,32000014,7101,2026-08-31,WEEK,PLAN,0.0,w36
713,32000014,7101,2026-09-07,WEEK,PLAN,0.0,w37
714,32000014,7101,2026-09-14,WEEK,PLAN,9120.0,w38
715,32000014,7101,2026-09-21,WEEK,PLAN,0.0,w39
716,32000014,7101,2026-09-28,WEEK,PLAN,0.0,w40
717,32000014,7101,2026-10-05,WEEK,PLAN,10342.0,w41
718,32000014,7101,2026-10-12,WEEK,PLAN,0.0,w42
719,32000014,7101,2026-10-19,WEEK,PLAN,0.0,w43
720,32000014,7101,2026-10-26,WEEK,PLAN,9155.0,w44
721,32000014,7101,2026-11-02,WEEK,PLAN,0.0,w45
722,32000014,7101,2026-11-09,WEEK,PLAN,0.0,w46
723,32000014,7101,2026-11-16,WEEK,PLAN,10363.0,w47
724,32000014,7101,2026-11-23,WEEK,PLAN,0.0,w48
725,32000014,7101,2026-11-30,WEEK,PLAN,0.0,w49
726,32000014,7101,2026-12-07,WEEK,PLAN,10300.0,w50
727,32000014,7101,2026-12-14,WEEK,PLAN,0.0,w51
728,32000014,7101,2026-12-21,WEEK,PLAN,0.0,w52
729,32000015,7101,2025-12-29,WEEK,PLAN,10580.0,w01
730,32000015,7101,2026-01-05,WEEK,PLAN,0.0,w02
731,32000015,7101,2026-01-12,WEEK,PLAN,0.0,w03
732,32000015,7101,2026-01-19,WEEK,PLAN,12879.0,w04
733,32000015,7101,2026-01-26,WEEK,PLAN,0.0,w05
734,32000015,7101,2026-02-02,WEEK,PLAN,0.0,w06
735,32000015,7101,2026-02-09,WEEK,PLAN,14811.0,w07
736,32000015,7101,2026-02-16,WEEK,PLAN,0.0,w08
737,32000015,7101,2026-02-23,WEEK,PLAN,0.0,w09
738,32000015,7101,2026-03-02,WEEK,PLAN,14146.0,w10
739,32000015,7101,2026-03-09,WEEK,PLAN,0.0,w11
740,32000015,7101,2026-03-16,WEEK,PLAN,0.0,w12
741,32000015,7101,2026-03-23,WEEK,PLAN,21534.0,w13
742,32000015,7101,2026-03-30,WEEK,PLAN,0.0,w14
743,32000015,7101,2026-04-06,WEEK,PLAN,0.0,w15
744,32000015,7101,2026-04-13,WEEK,PLAN,14785.0,w16
745,32000015,7101,2026-04-20,WEEK,PLAN,0.0,w17
746,32000015,7101,2026-04-27,WEEK,PLAN,0.0,w18
747,32000015,7101,2026-05-04,WEEK,PLAN,14098.0,w19
748,32000015,7101,2026-05-11,WEEK,PLAN,0.0,w20
749,32000015,7101,2026-05-18,WEEK,PLAN,0.0,w21
750,32000015,7101,2026-05-25,WEEK,PLAN,12013.0,w22
751,32000015,7101,2026-06-01,WEEK,PLAN,0.0,w23
752,32000015,7101,2026-06-08,WEEK,PLAN,0.0,w24
753,32000015,7101,2026-06-15,WEEK,PLAN,10667.0,w25
754,32000015,7101,2026-06-22,WEEK,PLAN,0.0,w26
755,32000015,7101,2026-06-29,WEEK,PLAN,0.0,w27
756,32000015,7101,2026-07-06,WEEK,PLAN,9529.0,w28
757,32000015,7101,2026-07-13,WEEK,PLAN,0.0,w29
758,32000015,7101,2026-07-20,WEEK,PLAN,0.0,w30
759,32000015,7101,2026-07-27,WEEK,PLAN,13584.0,w31
760,32000015,7101,2026-08-03,WEEK,PLAN,0.0,w32
761,32000015,7101,2026-08-10,WEEK,PLAN,0.0,w33
762,32000015,7101,2026-08-17,WEEK,PLAN,15599.0,w34
763,32000015,7101,2026-08-24,WEEK,PLAN,0.0,w35
764,32000015,7101,2026-08-31,WEEK,PLAN,0.0,w36
765,32000015,7101,2026-09-07,WEEK,PLAN,12409.0,w37
766,32000015,7101,2026-09-14,WEEK,PLAN,0.0,w38
767,32000015,7101,2026-09-21,WEEK,PLAN,0.0,w39
768,32000015,7101,2026-09-28,WEEK,PLAN,15664.0,w40
769,32000015,7101,2026-10-05,WEEK,PLAN,0.0,w41
770,32000015,7101,2026-10-12,WEEK,PLAN,0.0,w42
771,32000015,7101,2026-10-19,WEEK,PLAN,17610.0,w43
772,32000015,7101,2026-10-26,WEEK,PLAN,0.0,w44
773,32000015,7101,2026-11-02,WEEK,PLAN,0.0,w45
774,32000015,7101,2026-11-09,WEEK,PLAN,19842.0,w46
775,32000015,7101,2026-11-16,WEEK,PLAN,0.0,w47
776,32000015,7101,2026-11-23,WEEK,PLAN,0.0,w48
777,32000015,7101,2026-11-30,WEEK,PLAN,12913.0,w49
778,32000015,7101,2026-12-07,WEEK,PLAN,0.0,w50
779,32000015,7101,2026-12-14,WEEK,PLAN,0.0,w51
780,32000015,7101,2026-12-21,WEEK,PLAN,12252.0,w52
781,32000016,7101,2025-12-29,WEEK,PLAN,0.0,w01
782,32000016,7101,2026-01-05,WEEK,PLAN,0.0,w02
783,32000016,7101,2026-01-12,WEEK,PLAN,10223.0,w03
784,32000016,7101,2026-01-19,WEEK,PLAN,0.0,w04
785,32000016,7101,2026-01-26,WEEK,PLAN,0.0,w05
786,32000016,7101,2026-02-02,WEEK,PLAN,13189.0,w06
787,32000016,7101,2026-02-09,WEEK,PLAN,0.0,w07
788,32000016,7101,2026-02-16,WEEK,PLAN,0.0,w08
789,32000016,7101,2026-02-23,WEEK,PLAN,15581.0,w09
790,32000016,7101,2026-03-02,WEEK,PLAN,0.0,w10
791,32000016,7101,2026-03-09,WEEK,PLAN,0.0,w11
792,32000016,7101,2026-03-16,WEEK,PLAN,12917.0,w12
793,32000016,7101,2026-03-23,WEEK,PLAN,0.0,w13
794,32000016,7101,2026-03-30,WEEK,PLAN,0.0,w14
795,32000016,7101,2026-04-06,WEEK,PLAN,13561.0,w15
796,32000016,7101,2026-04-13,WEEK,PLAN,0.0,w16
797,32000016,7101,2026-04-20,WEEK,PLAN,0.0,w17
798,32000016,7101,2026-04-27,WEEK,PLAN,15423.0,w18
799,32000016,7101,2026-05-04,WEEK,PLAN,0.0,w19
800,32000016,7101,2026-05-11,WEEK,PLAN,0.0,w20
801,32000016,7101,2026-05-18,WEEK,PLAN,13039.0,w21
802,32000016,7101,2026-05-25,WEEK,PLAN,0.0,w22
803,32000016,7101,2026-06-01,WEEK,PLAN,0.0,w23
804,32000016,7101,2026-06-08,WEEK,PLAN,12305.0,w24
805,32000016,7101,2026-06-15,WEEK,PLAN,0.0,w25
806,32000016,7101,2026-06-22,WEEK,PLAN,0.0,w26
807,32000016,7101,2026-06-29,WEEK,PLAN,10961.0,w27
808,32000016,7101,2026-07-06,WEEK,PLAN,0.0,w28
809,32000016,7101,2026-07-13,WEEK,PLAN,0.0,w29
810,32000016,7101,2026-07-20,WEEK,PLAN,9690.0,w30
811,32000016,7101,2026-07-27,WEEK,PLAN,0.0,w31
812,32000016,7101,2026-08-03,WEEK,PLAN,0.0,w32
813,32000016,7101,2026-08-10,WEEK,PLAN,10862.0,w33
814,32000016,7101,2026-08-17,WEEK,PLAN,0.0,w34
815,32000016,7101,2026-08-24,WEEK,PLAN,0.0,w35
816,32000016,7101,2026-08-31,WEEK,PLAN,11754.0,w36
817,32000016,7101,2026-09-07,WEEK,PLAN,0.0,w37
818,32000016,7101,2026-09-14,WEEK,PLAN,0.0,w38
819,32000016,7101,2026-09-21,WEEK,PLAN,10008.0,w39
820,32000016,7101,2026-09-28,WEEK,PLAN,0.0,w40
821,32000016,7101,2026-10-05,WEEK,PLAN,0.0,w41
822,32000016,7101,2026-10-12,WEEK,PLAN,13243.0,w42
823,32000016,7101,2026-10-19,WEEK,PLAN,0.0,w43
824,32000016,7101,2026-10-26,WEEK,PLAN,0.0,w44
825,32000016,7101,2026-11-02,WEEK,PLAN,15327.0,w45
826,32000016,7101,2026-11-09,WEEK,PLAN,0.0,w46
827,32000016,7101,2026-11-16,WEEK,PLAN,0.0,w47
828,32000016,7101,2026-11-23,WEEK,PLAN,12829.0,w48
829,32000016,7101,2026-11-30,WEEK,PLAN,0.0,w49
830,32000016,7101,2026-12-07,WEEK,PLAN,0.0,w50
831,32000016,7101,2026-12-14,WEEK,PLAN,12300.0,w51
832,32000016,7101,2026-12-21,WEEK,PLAN,0.0,w52
833,32000017,7101,2025-12-29,WEEK,PLAN,0.0,w01
834,32000017,7101,2026-01-05,WEEK,PLAN,10502.0,w02
835,32000017,7101,2026-01-12,WEEK,PLAN,0.0,w03
836,32000017,7101,2026-01-19,WEEK,PLAN,0.0,w04
837,32000017,7101,2026-01-26,WEEK,PLAN,13254.0,w05
838,32000017,7101,2026-02-02,WEEK,PLAN,0.0,w06
839,32000017,7101,2026-02-09,WEEK,PLAN,0.0,w07
840,32000017,7101,2026-02-16,WEEK,PLAN,9051.0,w08
841,32000017,7101,2026-02-23,WEEK,PLAN,0.0,w09
842,32000017,7101,2026-03-02,WEEK,PLAN,0.0,w10
843,32000017,7101,2026-03-09,WEEK,PLAN,11914.0,w11
844,32000017,7101,2026-03-16,WEEK,PLAN,0.0,w12
845,32000017,7101,2026-03-23,WEEK,PLAN,0.0,w13
846,32000017,7101,2026-03-30,WEEK,PLAN,13749.0,w14
847,32000017,7101,2026-04-06,WEEK,PLAN,0.0,w15
848,32000017,7101,2026-04-13,WEEK,PLAN,0.0,w16
849,32000017,7101,2026-04-20,WEEK,PLAN,11155.0,w17
850,32000017,7101,2026-04-27,WEEK,PLAN,0.0,w18
851,32000017,7101,2026-05-04,WEEK,PLAN,0.0,w19
852,32000017,7101,2026-05-11,WEEK,PLAN,12156.0,w20
853,32000017,7101,2026-05-18,WEEK,PLAN,0.0,w21
854,32000017,7101,2026-05-25,WEEK,PLAN,0.0,w22
855,32000017,7101,2026-06-01,WEEK,PLAN,10676.0,w23
856,32000017,7101,2026-06-08,WEEK,PLAN,0.0,w24
857,32000017,7101,2026-06-15,WEEK,PLAN,0.0,w25
858,32000017,7101,2026-06-22,WEEK,PLAN,7633.0,w26
859,32000017,7101,2026-06-29,WEEK,PLAN,0.0,w27
860,32000017,7101,2026-07-06,WEEK,PLAN,0.0,w28
861,32000017,7101,2026-07-13,WEEK,PLAN,9392.0,w29
862,32000017,7101,2026-07-20,WEEK,PLAN,0.0,w30
863,32000017,7101,2026-07-27,WEEK,PLAN,0.0,w31
864,32000017,7101,2026-08-03,WEEK,PLAN,9474.0,w32
865,32000017,7101,2026-08-10,WEEK,PLAN,0.0,w33
866,32000017,7101,2026-08-17,WEEK,PLAN,0.0,w34
867,32000017,7101,2026-08-24,WEEK,PLAN,9601.0,w35
868,32000017,7101,2026-08-31,WEEK,PLAN,0.0,w36
869,32000017,7101,2026-09-07,WEEK,PLAN,0.0,w37
870,32000017,7101,2026-09-14,WEEK,PLAN,12926.0,w38
871,32000017,7101,2026-09-21,WEEK,PLAN,0.0,w39
872,32000017,7101,2026-09-28,WEEK,PLAN,0.0,w40
873,32000017,7101,2026-10-05,WEEK,PLAN,13254.0,w41
874,32000017,7101,2026-10-12,WEEK,PLAN,0.0,w42
875,32000017,7101,2026-10-19,WEEK,PLAN,0.0,w43
876,32000017,7101,2026-10-26,WEEK,PLAN,13394.0,w44
877,32000017,7101,2026-11-02,WEEK,PLAN,0.0,w45
878,32000017,7101,2026-11-09,WEEK,PLAN,0.0,w46
879,32000017,7101,2026-11-16,WEEK,PLAN,14586.0,w47
880,32000017,7101,2026-11-23,WEEK,PLAN,0.0,w48
881,32000017,7101,2026-11-30,WEEK,PLAN,0.0,w49
882,32000017,7101,2026-12-07,WEEK,PLAN,9989.0,w50
883,32000017,7101,2026-12-14,WEEK,PLAN,0.0,w51
884,32000017,7101,2026-12-21,WEEK,PLAN,0.0,w52
885,32000018,7102,2025-12-29,WEEK,PLAN,9535.0,w01
886,32000018,7102,2026-01-05,WEEK,PLAN,0.0,w02
887,32000018,7102,2026-01-12,WEEK,PLAN,0.0,w03
888,32000018,7102,2026-01-19,WEEK,PLAN,8774.0,w04
889,32000018,7102,2026-01-26,WEEK,PLAN,0.0,w05
890,32000018,7102,2026-02-02,WEEK,PLAN,0.0,w06
891,32000018,7102,2026-02-09,WEEK,PLAN,9778.0,w07
892,32000018,7102,2026-02-16,WEEK,PLAN,0.0,w08
893,32000018,7102,2026-02-23,WEEK,PLAN,0.0,w09
894,32000018,7102,2026-03-02,WEEK,PLAN,12136.0,w10
895,32000018,7102,2026-03-09,WEEK,PLAN,0.0,w11
896,32000018,7102,2026-03-16,WEEK,PLAN,0.0,w12
897,32000018,7102,2026-03-23,WEEK,PLAN,9937.0,w13
898,32000018,7102,2026-03-30,WEEK,PLAN,0.0,w14
899,32000018,7102,2026-04-06,WEEK,PLAN,0.0,w15
900,32000018,7102,2026-04-13,WEEK,PLAN,11440.0,w16
901,32000018,7102,2026-04-20,WEEK,PLAN,0.0,w17
902,32000018,7102,2026-04-27,WEEK,PLAN,0.0,w18
903,32000018,7102,2026-05-04,WEEK,PLAN,8160.0,w19
904,32000018,7102,2026-05-11,WEEK,PLAN,0.0,w20
905,32000018,7102,2026-05-18,WEEK,PLAN,0.0,w21
906,32000018,7102,2026-05-25,WEEK,PLAN,7448.0,w22
907,32000018,7102,2026-06-01,WEEK,PLAN,0.0,w23
908,32000018,7102,2026-06-08,WEEK,PLAN,0.0,w24
909,32000018,7102,2026-06-15,WEEK,PLAN,6811.0,w25
910,32000018,7102,2026-06-22,WEEK,PLAN,0.0,w26
911,32000018,7102,2026-06-29,WEEK,PLAN,0.0,w27
912,32000018,7102,2026-07-06,WEEK,PLAN,8755.0,w28
913,32000018,7102,2026-07-13,WEEK,PLAN,0.0,w29
914,32000018,7102,2026-07-20,WEEK,PLAN,0.0,w30
915,32000018,7102,2026-07-27,WEEK,PLAN,8666.0,w31
916,32000018,7102,2026-08-03,WEEK,PLAN,0.0,w32
917,32000018,7102,2026-08-10,WEEK,PLAN,0.0,w33
918,32000018,7102,2026-08-17,WEEK,PLAN,8620.0,w34
919,32000018,7102,2026-08-24,WEEK,PLAN,0.0,w35
920,32000018,7102,2026-08-31,WEEK,PLAN,0.0,w36
921,32000018,7102,2026-09-07,WEEK,PLAN,9327.0,w37
922,32000018,7102,2026-09-14,WEEK,PLAN,0.0,w38
923,32000018,7102,2026-09-21,WEEK,PLAN,0.0,w39
924,32000018,7102,2026-09-28,WEEK,PLAN,9161.0,w40
925,32000018,7102,2026-10-05,WEEK,PLAN,0.0,w41
926,32000018,7102,2026-10-12,WEEK,PLAN,0.0,w42
927,32000018,7102,2026-10-19,WEEK,PLAN,11547.0,w43
928,32000018,7102,2026-10-26,WEEK,PLAN,0.0,w44
929,32000018,7102,2026-11-02,WEEK,PLAN,0.0,w45
930,32000018,7102,2026-11-09,WEEK,PLAN,10540.0,w46
931,32000018,7102,2026-11-16,WEEK,PLAN,0.0,w47
932,32000018,7102,2026-11-23,WEEK,PLAN,0.0,w48
933,32000018,7102,2026-11-30,WEEK,PLAN,7719.0,w49
934,32000018,7102,2026-12-07,WEEK,PLAN,0.0,w50
935,32000018,7102,2026-12-14,WEEK,PLAN,0.0,w51
936,32000018,7102,2026-12-21,WEEK,PLAN,6988.0,w52
937,32000019,7102,2025-12-29,WEEK,PLAN,0.0,w01
938,32000019,7102,2026-01-05,WEEK,PLAN,0.0,w02
939,32000019,7102,2026-01-12,WEEK,PLAN,9406.0,w03
940,32000019,7102,2026-01-19,WEEK,PLAN,0.0,w04
941,32000019,7102,2026-01-26,WEEK,PLAN,0.0,w05
942,32000019,7102,2026-02-02,WEEK,PLAN,10148.0,w06
943,32000019,7102,2026-02-09,WEEK,PLAN,0.0,w07
944,32000019,7102,2026-02-16,WEEK,PLAN,0.0,w08
945,32000019,7102,2026-02-23,WEEK,PLAN,10009.0,w09
946,32000019,7102,2026-03-02,WEEK,PLAN,0.0,w10
947,32000019,7102,2026-03-09,WEEK,PLAN,0.0,w11
948,32000019,7102,2026-03-16,WEEK,PLAN,9123.0,w12
949,32000019,7102,2026-03-23,WEEK,PLAN,0.0,w13
950,32000019,7102,2026-03-30,WEEK,PLAN,0.0,w14
951,32000019,7102,2026-04-06,WEEK,PLAN,12467.0,w15
952,32000019,7102,2026-04-13,WEEK,PLAN,0.0,w16
953,32000019,7102,2026-04-20,WEEK,PLAN,0.0,w17
954,32000019,7102,2026-04-27,WEEK,PLAN,8052.0,w18
955,32000019,7102,2026-05-04,WEEK,PLAN,0.0,w19
956,32000019,7102,2026-05-11,WEEK,PLAN,0.0,w20
957,32000019,7102,2026-05-18,WEEK,PLAN,9575.0,w21
958,32000019,7102,2026-05-25,WEEK,PLAN,0.0,w22
959,32000019,7102,2026-06-01,WEEK,PLAN,0.0,w23
960,32000019,7102,2026-06-08,WEEK,PLAN,9343.0,w24
961,32000019,7102,2026-06-15,WEEK,PLAN,0.0,w25
962,32000019,7102,2026-06-22,WEEK,PLAN,0.0,w26
963,32000019,7102,2026-06-29,WEEK,PLAN,7374.0,w27
964,32000019,7102,2026-07-06,WEEK,PLAN,0.0,w28
965,32000019,7102,2026-07-13,WEEK,PLAN,0.0,w29
966,32000019,7102,2026-07-20,WEEK,PLAN,6889.0,w30
967,32000019,7102,2026-07-27,WEEK,PLAN,0.0,w31
968,32000019,7102,2026-08-03,WEEK,PLAN,0.0,w32
969,32000019,7102,2026-08-10,WEEK,PLAN,8667.0,w33
970,32000019,7102,2026-08-17,WEEK,PLAN,0.0,w34
971,32000019,7102,2026-08-24,WEEK,PLAN,0.0,w35
972,32000019,7102,2026-08-31,WEEK,PLAN,9514.0,w36
973,32000019,7102,2026-09-07,WEEK,PLAN,0.0,w37
974,32000019,7102,2026-09-14,WEEK,PLAN,0.0,w38
975,32000019,7102,2026-09-21,WEEK,PLAN,9429.0,w39
976,32000019,7102,2026-09-28,WEEK,PLAN,0.0,w40
977,32000019,7102,2026-10-05,WEEK,PLAN,0.0,w41
978,32000019,7102,2026-10-12,WEEK,PLAN,11842.0,w42
979,32000019,7102,2026-10-19,WEEK,PLAN,0.0,w43
980,32000019,7102,2026-10-26,WEEK,PLAN,0.0,w44
981,32000019,7102,2026-11-02,WEEK,PLAN,8768.0,w45
982,32000019,7102,2026-11-09,WEEK,PLAN,0.0,w46
983,32000019,7102,2026-11-16,WEEK,PLAN,0.0,w47
984,32000019,7102,2026-11-23,WEEK,PLAN,11376.0,w48
985,32000019,7102,2026-11-30,WEEK,PLAN,0.0,w49
986,32000019,7102,2026-12-07,WEEK,PLAN,0.0,w50
987,32000019,7102,2026-12-14,WEEK,PLAN,9170.0,w51
988,32000019,7102,2026-12-21,WEEK,PLAN,0.0,w52
989,32000020,7102,2025-12-29,WEEK,PLAN,0.0,w01
990,32000020,7102,2026-01-05,WEEK,PLAN,8671.0,w02
991,32000020,7102,2026-01-12,WEEK,PLAN,0.0,w03
992,32000020,7102,2026-01-19,WEEK,PLAN,0.0,w04
993,32000020,7102,2026-01-26,WEEK,PLAN,7193.0,w05
994,32000020,7102,2026-02-02,WEEK,PLAN,0.0,w06
995,32000020,7102,2026-02-09,WEEK,PLAN,0.0,w07
996,32000020,7102,2026-02-16,WEEK,PLAN,9324.0,w08
997,32000020,7102,2026-02-23,WEEK,PLAN,0.0,w09
998,32000020,7102,2026-03-02,WEEK,PLAN,0.0,w10
999,32000020,7102,2026-03-09,WEEK,PLAN,10016.0,w11
1000,32000020,7102,2026-03-16,WEEK,PLAN,0.0,w12
1001,32000020,7102,2026-03-23,WEEK,PLAN,0.0,w13
1002,32000020,7102,2026-03-30,WEEK,PLAN,9382.0,w14
1003,32000020,7102,2026-04-06,WEEK,PLAN,0.0,w15
1004,32000020,7102,2026-04-13,WEEK,PLAN,0.0,w16
1005,32000020,7102,2026-04-20,WEEK,PLAN,7669.0,w17
1006,32000020,7102,2026-04-27,WEEK,PLAN,0.0,w18
1007,32000020,7102,2026-05-04,WEEK,PLAN,0.0,w19
1008,32000020,7102,2026-05-11,WEEK,PLAN,9548.0,w20
1009,32000020,7102,2026-05-18,WEEK,PLAN,0.0,w21
1010,32000020,7102,2026-05-25,WEEK,PLAN,0.0,w22
1011,32000020,7102,2026-06-01,WEEK,PLAN,6147.0,w23
1012,32000020,7102,2026-06-08,WEEK,PLAN,0.0,w24
1013,32000020,7102,2026-06-15,WEEK,PLAN,0.0,w25
1014,32000020,7102,2026-06-22,WEEK,PLAN,6252.0,w26
1015,32000020,7102,2026-06-29,WEEK,PLAN,0.0,w27
1016,32000020,7102,2026-07-06,WEEK,PLAN,0.0,w28
1017,32000020,7102,2026-07-13,WEEK,PLAN,6334.0,w29
1018,32000020,7102,2026-07-20,WEEK,PLAN,0.0,w30
1019,32000020,7102,2026-07-27,WEEK,PLAN,0.0,w31
1020,32000020,7102,2026-08-03,WEEK,PLAN,8090.0,w32
1021,32000020,7102,2026-08-10,WEEK,PLAN,0.0,w33
1022,32000020,7102,2026-08-17,WEEK,PLAN,0.0,w34
1023,32000020,7102,2026-08-24,WEEK,PLAN,8079.0,w35
1024,32000020,7102,2026-08-31,WEEK,PLAN,0.0,w36
1025,32000020,7102,2026-09-07,WEEK,PLAN,0.0,w37
1026,32000020,7102,2026-09-14,WEEK,PLAN,9143.0,w38
1027,32000020,7102,2026-09-21,WEEK,PLAN,0.0,w39
1028,32000020,7102,2026-09-28,WEEK,PLAN,0.0,w40
1029,32000020,7102,2026-10-05,WEEK,PLAN,7776.0,w41
1030,32000020,7102,2026-10-12,WEEK,PLAN,0.0,w42
1031,32000020,7102,2026-10-19,WEEK,PLAN,0.0,w43
1032,32000020,7102,2026-10-26,WEEK,PLAN,9674.0,w44
1033,32000020,7102,2026-11-02,WEEK,PLAN,0.0,w45
1034,32000020,7102,2026-11-09,WEEK,PLAN,0.0,w46
1035,32000020,7102,2026-11-16,WEEK,PLAN,10248.0,w47
1036,32000020,7102,2026-11-23,WEEK,PLAN,0.0,w48
1037,32000020,7102,2026-11-30,WEEK,PLAN,0.0,w49
1038,32000020,7102,2026-12-07,WEEK,PLAN,8578.0,w50
1039,32000020,7102,2026-12-14,WEEK,PLAN,0.0,w51
1040,32000020,7102,2026-12-21,WEEK,PLAN,0.0,w52
